system:index,blue,blue_1,current_slice,found_slice,green,green_1,id,nir,nir_1,red,red_1,swir1,swir1_1,swir2,swir2_1,.geo
15_0,0.28586623,1970,4,0,0.23090091,1285,1_000050bae147b6149018,0.34720656,1308,0.25235838,1129,0.14141709,736,0.120192856,624,
40_0,0.15991986,1941,4,-1,0.08914313,1153,2_000020067735e9ca6727,0.0455452,819,0.062963486,879,0.009162264,188,0.0062816753,139,
65_0,0.28081465,5221,4,-1,0.22408213,4953,2_0000a174d3c4718f212c,0.29372162,7319,0.24377647,5751,0.06085442,1087,0.060743727,1101,
85_0,0.2775431,4310,4,-1,0.2254678,3951,2_000044bec0b2db7b7229,0.32332158,6024,0.24580851,4534,0.08147352,1107,0.07702251,1027,
104_0,0.19609985,7966,4,-1,0.16863704,7183,2_00000b41fc994f1539a5,0.25869077,8458,0.17100833,7590,0.09463085,3313,0.07494366,3079,
127_0,0.22667024,1767,4,6,0.16703305,1171,1_00000e0643e441a6d028,0.22048406,1485,0.16112822,1005,0.105002835,214,0.09168571,192,
130_0,0.19368544,6216,4,-1,0.12151782,5551,2_00005c27a53c6ff8a5b9,0.110758096,7121,0.105290115,6256,0.022733722,1106,0.021013733,1174,
137_0,0.35025495,1695,4,2,0.27439004,1093,1_000025582eae3c7c1fb2,0.33525634,1319,0.282284,908,0.15773009,237,0.13907346,199,
142_0,0.22373596,3023,4,-1,0.15079647,2329,2_0000c9551ee911c6678d,0.16955787,3025,0.13946846,2307,0.043149214,408,0.03709187,409,
150_0,0.28554696,2724,4,-1,0.26994058,2378,2_00002b6cd6eabd9e799a,0.42363304,3991,0.28824914,2569,0.12937295,1217,0.09959401,945,
194_0,0.28719002,3333,4,-1,0.25084573,2912,2_0000601f80b72ca8f914,0.33907706,4088,0.27158886,3177,0.10505954,1082,0.085309744,945,
234_0,0.22533602,1687,4,8,0.16353014,1045,1_00003d50999ea5f79022,0.18716422,875,0.1554237,843,0.087099954,232,0.076023325,196,
257_0,0.2429513,1920,4,0,0.17204839,1233,1_00006af112204c5cdb10,0.21962798,1340,0.1690941,1080,0.07502335,768,0.06701568,659,
259_0,0.32061797,2061,4,0,0.26417553,1468,1_0000438ef047ef07d59e,0.37340644,1829,0.2906086,1397,0.120192856,1002,0.10853119,855,
272_0,0.34885186,1694,4,2,0.27009156,1074,1_000025582eae3c7c1fb2,0.33091933,1268,0.27615187,879,0.15700632,230,0.13939369,190,
313_0,0.31710687,5093,4,-1,0.29449394,4598,2_00009cdd41a96fcacd2c,0.46476287,5695,0.35304216,5078,0.187214,892,0.14017677,936,
318_0,0.25532684,2590,4,-1,0.22433469,2265,2_000020324a08238601dd,0.36721846,3671,0.24143001,2425,0.10918944,1174,0.08426337,932,
322_0,0.18682954,6937,4,-1,0.11362091,6274,2_00005c27a53c6ff8a5b9,0.10506281,7870,0.09638217,7095,0.022958066,1072,0.021238081,1249,
336_0,0.32249492,3107,4,-1,0.2967968,2812,2_0000f6e5bafcd580d50b,0.42639035,4422,0.33479252,3167,0.11922605,1433,0.09578892,1128,
350_0,0.21968848,6604,4,-1,0.14520854,5973,2_0000a377aafb05cdaa94,0.18758589,7357,0.1368748,6698,0.045619983,840,0.035300065,982,
358_0,0.38827625,5916,4,-1,0.34714058,5452,2_0000f0428a24c3337fd8,0.49403697,6978,0.39744997,6083,0.1424556,1068,0.11429169,1034,
373_0,0.15991986,1941,4,-1,0.08914313,1153,2_000020067735e9ca6727,0.0455452,819,0.062963486,879,0.009162264,188,0.0062816753,139,
407_0,0.28438908,1964,4,0,0.22678046,1354,1_000050bae147b6149018,0.3360891,1695,0.24318454,1273,0.09741374,1005,0.08411945,857,
414_0,0.33299807,6813,4,-1,0.26631656,6277,2_00002fc775c0333f2be9,0.36513102,8005,0.2859246,7108,0.06412409,975,0.05620016,1090,
425_0,0.29873902,3911,4,-1,0.25078225,3435,2_0000d52174b2fc6d61e9,0.38636434,4781,0.2782299,3789,0.12520583,1081,0.11469452,1026,
432_0,0.28516653,2136,4,0,0.21877278,1513,1_000050bae147b6149018,0.30110413,1912,0.23634303,1478,0.101145476,1076,0.08979479,934,
442_0,0.21377775,1655,4,8,0.1551516,1036,1_00003d50999ea5f79022,0.19336522,1071,0.14610296,839,0.088888794,195,0.07740827,168,
469_0,0.17049888,1665,4,6,0.12787315,1197,1_0000271e2999ef726d68,0.23874971,2140,0.118494794,1061,0.055354252,550,0.0392571,409,
470_0,0.21299401,1679,4,8,0.15343161,1058,1_00003d50999ea5f79022,0.18699393,1112,0.14497828,863,0.08488351,198,0.074228555,171,
473_0,0.22304873,1783,4,0,0.15587755,1139,1_00006af112204c5cdb10,0.20174676,1243,0.14771438,978,0.081553884,802,0.06989222,678,
477_0,0.30214846,5966,4,-1,0.26095435,5449,2_0000f0428a24c3337fd8,0.3894449,6752,0.29864258,6041,0.1551352,984,0.10827326,959,
492_0,0.283104,1722,4,1,0.2176997,1117,1_00000e13c64bbd61ca02,0.2742738,1448,0.21882144,954,0.10303777,329,0.09357932,261,
512_0,0.20558499,2300,4,-1,0.14883956,1773,2_00000a3df0ecf3e61fa2,0.17757072,2295,0.13880295,1737,0.0859729,884,0.06534822,719,
523_0,0.26845148,2167,4,0,0.19910344,1499,1_00006af112204c5cdb10,0.23820889,1835,0.19793728,1405,0.06748214,834,0.05846379,707,
525_0,0.1953278,2329,4,-1,0.14922558,1871,2_000009a4681194bd1ef5,0.2507497,2936,0.14845353,1851,0.0888405,956,0.06716805,748,
548_0,0.14915125,1917,4,-1,0.093031794,1277,2_00004cffdff505f3c537,0.09859565,1714,0.07755191,1140,0.027256552,517,0.023329016,405,
569_0,0.5408184,1398,4,0,0.4686656,864,1_00001406e2c0b9274815,0.63739455,1299,0.51662755,691,0.22860864,321,0.20516595,246,
573_0,0.443969,6331,4,-1,0.38060495,5714,2_00000a62762bcbc1e75c,0.5627654,6975,0.43520176,6350,0.10243951,1002,0.09993876,1108,
578_0,0.41130483,3560,4,-1,0.348904,2973,2_00007bbeafb1489e4d45,0.50424147,3776,0.39639097,3148,0.10930761,1028,0.104031034,907,
620_0,0.1540233,8230,4,-1,0.109630615,7468,2_00000b41fc994f1539a5,0.16306728,8410,0.10097267,7948,0.09082577,2761,0.06512764,2763,
647_0,0.3287599,6911,4,-1,0.25477052,6341,2_00002fc775c0333f2be9,0.35407805,7996,0.27200627,7153,0.06296645,927,0.055000685,1062,
648_0,0.29618844,5098,4,-1,0.27042022,4572,2_00009cdd41a96fcacd2c,0.42538014,5517,0.3210802,5011,0.14292304,810,0.10453366,848,
665_0,0.28512052,2478,4,1,0.22020084,1770,1_00000e13c64bbd61ca02,0.27842605,2348,0.22517532,1648,0.113327704,630,0.10154805,504,
676_0,0.2935006,5106,4,-1,0.26633003,4581,2_00009cdd41a96fcacd2c,0.4319829,5518,0.32224885,5021,0.14146227,831,0.102137975,874,
686_0,0.33751202,2815,4,1,0.25838375,1712,1_00000e13c64bbd61ca02,0.28767163,940,0.25934702,1313,0.09843719,167,0.09099786,140,
704_0,0.19560353,8074,4,-1,0.14850868,7286,2_00000b41fc994f1539a5,0.20067698,8162,0.14122938,7719,0.06645115,3172,0.051727116,3032,
742_0,0.21122922,1727,4,8,0.1525283,1120,1_00003d50999ea5f79022,0.19869584,1323,0.14418861,939,0.0834149,219,0.0729543,187,
793_0,0.23463264,2001,4,0,0.1592983,1350,1_00006af112204c5cdb10,0.18565366,1687,0.14926927,1236,0.055587243,834,0.04952318,687,
798_0,0.39918566,1318,4,0,0.32311752,755,1_0000937454ee297968e2,0.44435066,618,0.33612663,555,0.21315876,154,0.18835813,130,
804_0,0.20632106,2503,4,-1,0.14490971,1870,2_00001dca2a881422a113,0.1521552,2175,0.12872423,1735,0.069883876,827,0.05545133,690,
818_0,0.26278996,1594,4,6,0.19727793,964,1_00000e0643e441a6d028,0.24595511,848,0.1967156,746,0.13891205,189,0.12065931,151,
855_0,0.2675571,2986,4,-1,0.22455163,2476,2_00006b455b0c0b405ac1,0.30156413,3426,0.23804927,2617,0.09325641,1018,0.07333132,853,
856_0,0.29741699,5019,4,-1,0.22644885,4411,2_0000a9568d93bd4b0129,0.34848684,5421,0.23995736,4811,0.10071324,1025,0.08638211,1012,
892_0,0.2881208,1893,4,0,0.21861729,1229,1_00006af112204c5cdb10,0.27459326,1358,0.22507007,1091,0.08209809,890,0.07191357,759,
913_0,0.13488758,1931,4,-1,0.0895574,1469,2_00003f66da74e45f1d4b,0.16389447,2292,0.07714951,1375,0.08145091,780,0.054153547,590,
932_0,0.2097987,1791,4,4,0.17166093,1343,1_0000179c9b20e0fed888,0.29509965,2327,0.1744403,1269,0.07261804,808,0.057943888,614,
953_0,0.31336728,3433,4,-1,0.28093788,3026,2_0000601f80b72ca8f914,0.3872245,4225,0.31196493,3313,0.10687091,1084,0.08910778,954,
1053_0,0.21480782,1701,4,0,0.15113513,1061,1_00006af112204c5cdb10,0.19467202,1135,0.14390491,901,0.078288615,800,0.06499432,688,
1062_0,0.22186379,2446,4,-1,0.18587008,2022,2_0000947e30263fe9f858,0.3145359,3264,0.19241439,2115,0.11516816,1021,0.09167876,823,
1064_0,0.24545568,2615,4,-1,0.21507013,2252,2_000020324a08238601dd,0.32061994,3393,0.23409557,2415,0.12027383,1069,0.09374851,906,
1079_0,0.47720295,1360,4,0,0.38833785,809,1_0000937454ee297968e2,0.5029217,943,0.4075598,619,0.2157402,223,0.19461873,178,
1082_0,0.21419644,1679,4,8,0.15313545,1058,1_00003d50999ea5f79022,0.18822339,1112,0.14535515,863,0.08380362,198,0.07217353,171,
1121_0,0.21356654,2984,4,-1,0.15162931,2388,2_00005036522f30c9cf9c,0.1607446,2867,0.13976775,2372,0.06754662,877,0.051419567,768,
1122_0,0.28471977,2891,4,-1,0.24915048,2507,2_0000f6e5bafcd580d50b,0.34273356,3592,0.2685068,2713,0.10604611,1123,0.08426337,912,
1147_0,0.2687307,1673,4,1,0.20064609,1043,1_00000e13c64bbd61ca02,0.23035233,1005,0.19649717,846,0.08774929,224,0.07885911,183,
1158_0,0.2207536,2786,4,-1,0.1627897,2170,2_00001dca2a881422a113,0.17804028,2613,0.15069441,2098,0.08770543,969,0.0712278,815,
1173_0,0.14764377,1794,4,-1,0.08579903,1084,2_00004cffdff505f3c537,0.06389086,949,0.06639458,855,0.01648498,317,0.014319262,239,
1224_0,0.29340875,1742,4,1,0.21630219,1116,1_00000e13c64bbd61ca02,0.24569449,1215,0.21409464,939,0.09318136,235,0.083758816,198,
1243_0,0.26650533,2660,4,-1,0.23279046,2179,2_0000947e30263fe9f858,0.3719739,3296,0.25335827,2296,0.11563561,955,0.09261367,777,
1272_0,0.25762376,2730,4,-1,0.21561164,2246,2_0000947e30263fe9f858,0.31196493,3171,0.22361673,2320,0.087530136,823,0.07151995,695,
1289_0,0.17920892,2007,4,-1,0.12142032,1416,2_0000b265ab3a6e24450e,0.13141207,1739,0.102780715,1270,0.06725446,722,0.052588195,560,
1308_0,0.23291934,1791,4,8,0.16958489,1184,1_00003d50999ea5f79022,0.21563211,1457,0.16450267,1021,0.09415648,235,0.08293918,208,
1339_0,0.28174576,1856,4,0,0.20431232,1188,1_00006af112204c5cdb10,0.23758693,1290,0.2037681,1042,0.06701568,851,0.05955221,715,
1348_0,0.23821665,3328,4,-1,0.1839249,2717,2_0000d52174b2fc6d61e9,0.25961024,3521,0.19641647,2862,0.12842146,1064,0.11461085,1020,
1368_0,0.41790095,4085,4,-1,0.3928339,3780,2_00001dca2a881422a113,0.6065757,5652,0.45792642,4192,0.13509326,1046,0.117856,1006,
1369_0,0.32700697,1736,4,5,0.25659227,1135,1_000097b320ca42a494fb,0.32646832,1410,0.26245528,962,0.14866963,262,0.1296002,216,
1387_0,0.32324216,3735,4,-1,0.29648063,3399,2_0000601f80b72ca8f914,0.40785074,4886,0.33025393,3819,0.10798111,1129,0.08805602,1012,
1429_0,0.2856166,1682,4,1,0.20944963,1041,1_00000e13c64bbd61ca02,0.23151626,848,0.20466357,845,0.08195813,287,0.07372914,243,
1432_0,0.32680076,2225,4,1,0.24787611,1366,1_00000e13c64bbd61ca02,0.2762692,992,0.2474363,1077,0.09074353,250,0.084312275,206,
1446_0,0.31634727,3643,4,-1,0.29098806,3279,2_00006b455b0c0b405ac1,0.41322643,4817,0.32622218,3677,0.10985091,1227,0.08747171,1074,
1457_0,0.343151,1662,4,2,0.26826423,1044,1_000025582eae3c7c1fb2,0.3322147,1143,0.2727093,848,0.1638115,249,0.14425156,198,
1483_0,0.31367153,3693,4,-1,0.30153936,3507,2_000045f6d50aecdbf160,0.50056195,5582,0.3458769,3933,0.15760781,1112,0.124685526,990,
1524_0,0.15975851,1988,4,-1,0.11531068,1525,2_00003f66da74e45f1d4b,0.17249727,2308,0.10152413,1447,0.048583783,686,0.03645162,551,
1530_0,0.20839047,2663,4,-1,0.13861884,1931,2_00001c2ab2e54b7b861c,0.15127182,2428,0.12587294,1846,0.0359731,539,0.030478105,441,
1532_0,0.25664005,1910,4,6,0.19352995,1361,1_00000e0643e441a6d028,0.26073754,2062,0.19315307,1264,0.137844,437,0.11775762,345,
1586_0,0.19582412,2804,4,-1,0.1547402,2364,2_00002faeb84684f9a919,0.27297363,3570,0.15446447,2439,0.078197286,750,0.056249104,676,
1590_0,0.33792514,6750,4,-1,0.26422894,6143,2_00002fc775c0333f2be9,0.35826883,7685,0.2812763,6914,0.06064821,947,0.05522503,1072,
1608_0,0.3096861,5104,4,-1,0.28765747,4589,2_00009cdd41a96fcacd2c,0.44799307,5569,0.34199864,5045,0.1335156,813,0.0984568,850,
1613_0,0.24885908,2896,4,-1,0.20614576,2404,2_00006b455b0c0b405ac1,0.29244885,3626,0.21514419,2553,0.10108621,1033,0.07923289,848,
1621_0,0.5119176,7096,4,-1,0.4645215,6331,2_0000fc42140f512c5443,0.61927336,7744,0.53338873,7039,0.13055526,860,0.117061004,953,
1669_0,0.25107947,2848,4,-1,0.21321595,2406,2_0000947e30263fe9f858,0.3383759,3705,0.22133791,2556,0.08688739,907,0.06953328,750,
1722_0,0.23200001,2471,4,-1,0.20916949,2164,2_0000cc337c6d19e59ee9,0.3581745,3880,0.229353,2298,0.117130496,1331,0.09082577,1042,
1733_0,0.2121645,2095,4,0,0.14989123,1461,1_0000fee52e920116851d,0.17562462,1732,0.14188355,1358,0.10495495,977,0.08715148,838,
1739_0,0.24733986,2568,4,-1,0.21017753,2087,2_0000947e30263fe9f858,0.32037902,3104,0.22192222,2148,0.10178739,856,0.07987563,682,
1744_0,0.51543957,6487,4,-1,0.45871887,5875,2_00000a62762bcbc1e75c,0.6605615,7279,0.53051555,6581,0.10757245,941,0.10921766,1084,
1752_0,0.28104606,1980,4,0,0.22514783,1355,1_000050bae147b6149018,0.32263932,1634,0.24473941,1271,0.12462429,997,0.10557691,865,
1799_0,0.26288188,2410,4,-1,0.21843405,1930,2_00002faeb84684f9a919,0.32960877,2744,0.22576849,1904,0.0822781,809,0.06452103,678,
1813_0,0.23017278,1725,4,8,0.16725111,1076,1_00003d50999ea5f79022,0.20153126,1010,0.16041003,870,0.09363598,198,0.08186224,168,
1855_0,0.36490372,5791,4,-1,0.32891002,5263,2_0000f0428a24c3337fd8,0.4540115,6535,0.36811745,5819,0.121887766,991,0.096119545,975,
1857_0,0.41245806,1810,4,2,0.32887876,1226,1_000025582eae3c7c1fb2,0.3996855,1668,0.34171426,1086,0.17152886,270,0.15260307,236,
1861_0,0.24185097,3288,4,-1,0.17484333,2673,2_0000c9551ee911c6678d,0.20865074,3636,0.17147812,2786,0.05609243,551,0.04969412,563,
1873_0,0.2967499,1719,4,1,0.22463927,1102,1_00000e13c64bbd61ca02,0.26050204,1218,0.22125927,927,0.093016975,250,0.0829214,211,
1883_0,0.57843935,1486,4,0,0.5034537,959,1_00001406e2c0b9274815,0.68487227,1540,0.56162524,822,0.22635037,519,0.2054114,387,
1930_0,0.24072629,1708,4,8,0.17811891,1107,1_00003d50999ea5f79022,0.23230922,1404,0.17558521,946,0.105753615,321,0.092373565,258,
1953_0,0.15101784,1886,4,-1,0.09134771,1216,2_00004cffdff505f3c537,0.085616514,1428,0.075266615,1043,0.023400836,434,0.020711645,338,
1967_0,0.3218285,1642,4,6,0.24868578,1028,1_00000e0643e441a6d028,0.30860764,1084,0.25132722,824,0.14869368,205,0.12985453,170,
1969_0,0.20643792,2494,4,-1,0.16273127,2000,2_0000947e30263fe9f858,0.25943515,3008,0.15992656,2021,0.09366543,798,0.070351325,648,
1985_0,0.23660144,1982,4,6,0.17785868,1420,1_00000e0643e441a6d028,0.2420905,2159,0.17345245,1329,0.11575368,295,0.10020198,278,
2002_0,0.13505301,1959,4,-1,0.09336249,1498,2_00003f66da74e45f1d4b,0.17387593,2412,0.0788039,1406,0.07185548,720,0.048473492,538,
2022_0,0.23503305,2473,4,-1,0.21132019,2184,2_0000cc337c6d19e59ee9,0.37604186,3970,0.22499645,2334,0.122148804,1340,0.09369337,1048,
2023_0,0.15678199,1834,4,-1,0.08603819,1051,2_000020067735e9ca6727,0.03967333,542,0.060537517,756,0.007962789,132,0.0063564572,91,
2039_0,0.24747849,1647,4,1,0.17881379,1005,1_00000e13c64bbd61ca02,0.20273182,859,0.17175132,794,0.07694477,195,0.06930811,159,
2049_0,0.37743744,1935,4,2,0.30365163,1365,1_000025582eae3c7c1fb2,0.3937192,2040,0.31740266,1252,0.17478076,330,0.155119,287,
2055_0,0.19286877,4021,4,-1,0.11913664,3323,2_0000a377aafb05cdaa94,0.118759766,4237,0.103845194,3539,0.033651896,803,0.026885604,770,
2069_0,0.20343429,2486,4,-1,0.16935395,2125,2_000009a4681194bd1ef5,0.27865368,3732,0.17293844,2229,0.109740905,1225,0.082829565,914,
2076_0,0.26417553,1905,4,0,0.19000734,1225,1_00006af112204c5cdb10,0.2114648,1312,0.18347682,1078,0.061418075,834,0.053099424,710,
2091_0,0.21555321,2924,4,-1,0.15449245,2305,2_00005036522f30c9cf9c,0.1627897,2692,0.14222187,2250,0.08162857,874,0.064625055,775,
2106_0,0.15935752,1913,4,-1,0.08820687,1129,2_000020067735e9ca6727,0.043894075,746,0.062478885,847,0.007852098,182,0.006506021,125,
2110_0,0.33751202,2815,4,1,0.25838375,1712,1_00000e13c64bbd61ca02,0.28767163,940,0.25934702,1313,0.09843719,167,0.09099786,140,
2117_0,0.34106374,3625,4,-1,0.3190351,3266,2_0000601f80b72ca8f914,0.44349387,4666,0.35730764,3631,0.108331695,1109,0.089633666,990,
2125_0,0.32911244,3680,4,-1,0.32310152,3505,2_000045f6d50aecdbf160,0.5298997,5691,0.37311912,3960,0.15953791,1251,0.13036558,1108,
2148_0,0.17613693,1832,4,-1,0.12804945,1384,2_00002b6cd6eabd9e799a,0.22554791,2473,0.117240794,1289,0.06705776,632,0.045826472,467,
2165_0,0.3828355,1672,4,2,0.30077553,1062,1_000025582eae3c7c1fb2,0.35521984,1201,0.30732933,871,0.16251318,201,0.14415568,172,
2173_0,0.28566402,1610,4,1,0.2125842,964,1_00000e13c64bbd61ca02,0.23312259,726,0.20655683,747,0.086289555,200,0.0780665,164,
2176_0,0.24877277,1749,4,6,0.18550421,1137,1_00000e0643e441a6d028,0.24145597,1297,0.18363762,954,0.12223861,203,0.10657326,178,
2198_0,0.1611923,1742,4,-1,0.09986974,1138,2_00002faeb84684f9a919,0.075715706,1045,0.07555027,932,0.0302201,416,0.021672443,321,
2220_0,0.25019068,3408,4,-1,0.18624315,2796,2_0000c9551ee911c6678d,0.24582368,3945,0.18847772,2935,0.061742917,544,0.054408353,533,
2239_0,0.39415163,1714,4,2,0.30923516,1099,1_000025582eae3c7c1fb2,0.367577,1256,0.31657267,917,0.16401178,210,0.14553766,184,
2243_0,0.3821665,1853,4,2,0.30580184,1283,1_000025582eae3c7c1fb2,0.39255786,1858,0.3184311,1155,0.17450237,307,0.15453853,263,
2249_0,0.36603504,2032,4,1,0.29068473,1357,1_0000179f34e53a2ffd03,0.3444919,1432,0.3060539,1203,0.1275363,781,0.11766506,646,
2289_0,0.37600923,1830,4,2,0.3039523,1251,1_000025582eae3c7c1fb2,0.38044208,1779,0.31521738,1114,0.16892962,281,0.15163684,244,
2292_0,0.25515717,2017,4,0,0.18246613,1332,1_00006af112204c5cdb10,0.21939474,1526,0.1774905,1198,0.06204003,806,0.05286619,676,
2349_0,0.13505301,1222,4,-1,0.093031615,784,2_00003f66da74e45f1d4b,0.16808558,1491,0.07996196,665,0.06474162,749,0.044723548,517,
2383_0,0.2304532,2716,4,-1,0.1855195,2230,2_0000947e30263fe9f858,0.2558124,3037,0.1870387,2311,0.08846504,818,0.06982544,681,
2385_0,0.35113716,1834,4,5,0.28053403,1275,1_000097b320ca42a494fb,0.36522615,1979,0.291497,1144,0.14997979,281,0.13307312,253,
2395_0,0.22945987,2480,4,-1,0.19369988,2045,2_0000947e30263fe9f858,0.3078163,3335,0.19919243,2108,0.108039536,916,0.08606935,742,
2405_0,0.16543856,1749,4,-1,0.10328881,1145,2_00002faeb84684f9a919,0.08045828,1051,0.08045828,943,0.036672205,417,0.027242208,322,
2434_0,0.16311538,1664,4,6,0.12165466,1214,1_0000271e2999ef726d68,0.22989863,2229,0.11251167,1105,0.07601093,695,0.05496987,504,
2437_0,0.24253294,3016,4,-1,0.21043785,2704,2_000045f6d50aecdbf160,0.35773334,4465,0.23001476,2864,0.122148804,960,0.094686,794,
2480_0,0.35995513,6273,4,-1,0.30759218,5778,2_00000a62762bcbc1e75c,0.4835754,7201,0.34923986,6470,0.10835582,1139,0.09991138,1250,
2481_0,0.21994577,1801,4,8,0.16031155,1215,1_00003d50999ea5f79022,0.21580277,1660,0.15347049,1067,0.08835939,228,0.07684296,205,
2499_0,0.3864683,1953,4,2,0.31247002,1382,1_000025582eae3c7c1fb2,0.4038629,2081,0.32729203,1272,0.1752772,334,0.15624963,289,
2502_0,0.24307437,2529,4,-1,0.2043344,2056,2_0000947e30263fe9f858,0.3217814,3160,0.21064498,2122,0.09530151,881,0.07847328,713,
2530_0,0.15170716,1525,4,-1,0.110237226,1084,2_00003f66da74e45f1d4b,0.20012552,2090,0.09915284,1007,0.07648776,745,0.052995477,536,
2554_0,0.35587543,1688,4,2,0.27581978,1065,1_000025582eae3c7c1fb2,0.3295192,1158,0.27825466,871,0.15189117,214,0.13394645,182,
2571_0,0.4130759,1899,4,2,0.33461437,1330,1_000025582eae3c7c1fb2,0.41779605,2007,0.35004056,1204,0.17498401,332,0.15647396,290,
2598_0,0.26790726,1775,4,0,0.20291293,1146,1_00006af112204c5cdb10,0.2695399,1309,0.20617819,995,0.07479012,840,0.06538304,704,
2628_0,0.31336728,3433,4,-1,0.28093788,3026,2_0000601f80b72ca8f914,0.3872245,4225,0.31196493,3313,0.10687091,1084,0.08910778,954,
2629_0,0.19692704,2567,4,-1,0.16163348,2185,2_0000f6385c405fe3ab4d,0.29409462,3319,0.16532826,2251,0.097884476,1041,0.07058711,851,
2638_0,0.2451779,2662,4,-1,0.20947635,2247,2_0000947e30263fe9f858,0.32733235,3564,0.220403,2380,0.10564385,1004,0.08583563,811,
2641_0,0.32337523,1699,4,5,0.24973011,1103,1_000097b320ca42a494fb,0.31480566,1363,0.2519377,929,0.14944741,257,0.13037801,213,
2668_0,0.35675246,1638,4,2,0.27793515,1027,1_000025582eae3c7c1fb2,0.34014788,1072,0.28562883,828,0.15273488,186,0.13606144,161,
2676_0,0.32791668,3522,4,-1,0.30162257,3112,2_00006b455b0c0b405ac1,0.42987937,4435,0.34018725,3437,0.10950032,1155,0.087413274,1008,
2715_0,0.12575132,1629,4,6,0.08228034,1170,1_0000271e2999ef726d68,0.17980471,2119,0.06507006,1043,0.055004016,570,0.037537362,430,
2728_0,0.2233739,1869,4,8,0.16489139,1293,1_00003d50999ea5f79022,0.22238064,1838,0.1589477,1163,0.09319024,254,0.08234092,231,
2767_0,0.68171847,5771,4,-1,0.65472317,5299,2_0000ef318b2bea6e4311,0.8016196,6551,0.7368192,5834,0.10196268,651,0.11183757,770,
2825_0,0.23224594,1663,4,8,0.1696893,1030,1_00003d50999ea5f79022,0.20814207,967,0.16345239,819,0.10683648,176,0.09378554,147,
2831_0,0.45235673,6642,4,-1,0.40781903,5861,2_0000fc42140f512c5443,0.5640333,7272,0.45927003,6496,0.13806684,913,0.11672863,960,
2850_0,0.21694857,1831,4,8,0.1589266,1242,1_00003d50999ea5f79022,0.2121355,1682,0.15058693,1095,0.088775136,239,0.07811722,218,
2851_0,0.26751417,2603,4,-1,0.24032709,2252,2_00005dba9bf3749b9b3e,0.40234658,3651,0.26370907,2425,0.13792062,1268,0.10725933,1003,
2859_0,0.24266535,2657,4,-1,0.20410067,2203,2_0000947e30263fe9f858,0.31132218,3294,0.20918418,2301,0.095652096,912,0.07783054,755,
2890_0,0.2951178,2120,4,0,0.24248484,1513,1_000050bae147b6149018,0.34619588,2043,0.26137674,1480,0.106043376,988,0.09321555,842,
2892_0,0.16185406,1723,4,-1,0.0997043,1124,2_00002faeb84684f9a919,0.068656996,1051,0.075605415,927,0.029558348,440,0.020790102,340,
2914_0,0.3789953,2032,4,1,0.30115017,1357,1_0000179f34e53a2ffd03,0.3550321,1432,0.316603,1203,0.12650119,781,0.117078654,646,
2917_0,0.3114605,1634,4,6,0.2359995,1025,1_00000e0643e441a6d028,0.274868,1143,0.23468636,827,0.14221135,235,0.12534651,190,
2932_0,0.34031782,2833,4,1,0.26191962,1755,1_00000e13c64bbd61ca02,0.2983747,1054,0.2672291,1383,0.101835325,199,0.09462331,171,
2975_0,0.3946784,5721,4,-1,0.34140104,5006,2_00000a62762bcbc1e75c,0.5191494,6009,0.38458323,5508,0.10575102,862,0.09865561,954,
2985_0,0.24341528,2860,4,-1,0.20001522,2524,2_0000f6e5bafcd580d50b,0.27865368,4045,0.20939007,2795,0.12496126,1666,0.09479629,1245,
3005_0,0.40038925,1377,4,0,0.3249253,823,1_00001406e2c0b9274815,0.48272687,940,0.3471748,642,0.22090313,288,0.19364953,216,
3013_0,0.25733402,1962,4,0,0.18713081,1281,1_00006af112204c5cdb10,0.24971506,1516,0.18705305,1141,0.078599595,691,0.06569402,561,
3014_0,0.21225768,3016,4,-1,0.17431709,2704,2_000045f6d50aecdbf160,0.31124508,4465,0.1860081,2864,0.10058664,960,0.07599144,794,
3038_0,0.42786837,1431,4,0,0.37150937,891,1_00001406e2c0b9274815,0.54910815,1220,0.40342313,735,0.22148693,367,0.1947805,286,
3057_0,0.34568435,1695,4,2,0.2713151,1093,1_000025582eae3c7c1fb2,0.32945666,1319,0.27808732,908,0.15843311,237,0.14041065,199,
3061_0,0.30006105,6280,4,-1,0.22752246,5651,2_00002fc775c0333f2be9,0.31382352,6990,0.2347641,6307,0.061099865,895,0.052652456,1005,
3074_0,0.304661,3465,4,-1,0.27322495,3042,2_00006b455b0c0b405ac1,0.37927783,4330,0.29940218,3347,0.1023717,1130,0.08215445,981,
3098_0,0.22024992,1760,4,0,0.15284552,1049,1_00006af112204c5cdb10,0.1899296,820,0.14771438,826,0.104177505,515,0.08722922,431,
3119_0,0.24450618,1944,4,0,0.17811245,1296,1_00006af112204c5cdb10,0.22507007,1466,0.17578012,1166,0.08691825,943,0.07626726,800,
3127_0,0.20326641,6990,4,-1,0.13324046,6404,2_0000a377aafb05cdaa94,0.1806134,7912,0.12508626,7194,0.050444905,864,0.03717258,1029,
3144_0,0.1974785,2214,4,-1,0.16008937,1841,2_000020324a08238601dd,0.29889235,3269,0.16736868,1888,0.08850963,956,0.06474162,750,
3145_0,0.23429684,1656,4,1,0.16829358,1034,1_00000e13c64bbd61ca02,0.19283986,923,0.16222438,841,0.07844337,263,0.07032508,221,
3182_0,0.16201949,2890,4,-1,0.12314143,2440,2_0000f6385c405fe3ab4d,0.24231236,3580,0.11172617,2453,0.06942904,920,0.049576413,787,
3205_0,0.19696696,6561,4,-1,0.12151189,5910,2_00005c27a53c6ff8a5b9,0.109244674,7521,0.10446159,6684,0.02239572,1069,0.021013733,1199,
3222_0,0.21327439,2847,4,-1,0.14929207,2204,2_00005036522f30c9cf9c,0.16162108,2591,0.1355607,2106,0.076837204,754,0.05568506,636,
3255_0,0.1942842,2140,4,-1,0.13889128,1620,2_0000b265ab3a6e24450e,0.17032735,2491,0.12673756,1543,0.0779474,806,0.05843133,631,
3266_0,0.34201115,6828,4,-1,0.27138102,6290,2_00002fc775c0333f2be9,0.3733659,8044,0.29320252,7148,0.06483304,959,0.056795456,1082,
3273_0,0.24466167,2041,4,0,0.17655756,1344,1_00006af112204c5cdb10,0.22716919,1529,0.1718929,1202,0.07650049,730,0.06305071,608,
3278_0,0.24808243,1959,4,0,0.17461395,1288,1_00006af112204c5cdb10,0.20718886,1467,0.16730598,1137,0.06273973,821,0.055120777,696,
3325_0,0.2351985,2627,4,-1,0.19179843,2231,2_0000f6e5bafcd580d50b,0.26508772,3363,0.19990493,2396,0.10262705,1306,0.07930021,1004,
3329_0,0.20754811,2718,4,-1,0.14613678,2083,2_00001dca2a881422a113,0.1469548,2495,0.12901638,1989,0.076545045,910,0.059892114,773,
3353_0,0.304661,3465,4,-1,0.27322495,3042,2_00006b455b0c0b405ac1,0.37927783,4330,0.29940218,3347,0.1023717,1130,0.08215445,981,
3363_0,0.19814025,2329,4,-1,0.16030997,1871,2_000009a4681194bd1ef5,0.2623304,2936,0.16268125,1851,0.09214927,956,0.06981507,748,
3414_0,0.38581607,6603,4,-1,0.34433618,5827,2_0000fc42140f512c5443,0.50074995,7283,0.39857912,6469,0.14471425,925,0.1152662,961,
3420_0,0.25063342,1801,4,6,0.18957835,1251,1_00000e0643e441a6d028,0.2570495,1896,0.1891715,1121,0.13061716,334,0.113450244,274,
3434_0,0.21474102,2225,4,-1,0.14631842,1526,2_000036f922d6905a4ed3,0.16741881,1685,0.13618696,1389,0.07778514,721,0.06506627,594,
3442_0,0.22468702,1890,4,8,0.16673096,1327,1_00003d50999ea5f79022,0.23396297,2012,0.15977326,1211,0.099433064,261,0.08765045,243,
3486_0,0.2349779,3288,4,-1,0.20503353,2977,2_0000f6385c405fe3ab4d,0.3370535,4492,0.21440838,3166,0.10163442,1184,0.078142144,1006,
3506_0,0.22437038,1849,4,0,0.15813214,1153,1_00006af112204c5cdb10,0.19661562,1077,0.15432265,972,0.09935735,684,0.08396396,579,
3513_0,0.26409778,2095,4,0,0.19879247,1493,1_0000438ef047ef07d59e,0.2623874,1904,0.20680015,1466,0.1092309,1141,0.095625624,991,
3543_0,0.44251853,7123,4,-1,0.39611956,6364,2_0000fc42140f512c5443,0.55525875,7796,0.45262262,7067,0.14232118,882,0.11819106,968,
3547_0,0.35196012,1630,4,2,0.27307692,1018,1_000025582eae3c7c1fb2,0.32455102,1071,0.276173,816,0.15611783,190,0.13778734,166,
3589_0,0.21425049,1711,4,8,0.15458035,1099,1_00003d50999ea5f79022,0.20031697,1277,0.1462766,921,0.08451256,221,0.07370508,191,
3590_0,0.22438493,1710,4,8,0.16523236,1090,1_00003d50999ea5f79022,0.21326056,1186,0.15693155,899,0.10151214,183,0.08809617,164,
3600_0,0.25107947,5611,4,-1,0.21245635,5067,2_0000f0428a24c3337fd8,0.31757432,6265,0.23676379,5594,0.16705519,967,0.113181494,941,
3611_0,0.24720532,1651,4,6,0.18526469,1026,1_00000e0643e441a6d028,0.23453715,1092,0.18133122,820,0.12474233,199,0.108849674,160,
3620_0,0.34317768,1599,4,2,0.2673846,991,1_000025582eae3c7c1fb2,0.32238233,1084,0.2693678,785,0.15924683,210,0.14055428,170,
3623_0,0.34620568,5066,4,-1,0.31821707,4554,2_00009cdd41a96fcacd2c,0.4748715,5581,0.37168175,5008,0.16208853,863,0.12551051,913,
3677_0,0.31025246,2968,4,-1,0.28278965,2625,2_0000f6e5bafcd580d50b,0.40791637,4007,0.3160428,2904,0.11668933,1289,0.09154267,1019,
3702_0,0.28674757,5302,4,-1,0.21623406,4646,2_0000a9568d93bd4b0129,0.32412675,5578,0.22587502,5058,0.09339978,857,0.07900572,907,
3723_0,0.1870387,2988,4,-1,0.11546032,2405,2_00005036522f30c9cf9c,0.096586995,2887,0.094016016,2392,0.042479575,879,0.030442717,757,
3812_0,0.2970194,5187,4,-1,0.22620377,4505,2_0000a9568d93bd4b0129,0.3456636,5439,0.240188,4924,0.10020198,870,0.08524557,908,
3818_0,0.35177314,2125,4,1,0.2754266,1454,1_0000179f34e53a2ffd03,0.32998455,1612,0.29083169,1312,0.12685697,735,0.115843266,610,
3821_0,0.30366766,3400,4,-1,0.26966062,2943,2_00006b455b0c0b405ac1,0.37892723,4111,0.29829198,3197,0.10763052,1184,0.08507602,1021,
3828_0,0.36603504,2119,4,1,0.29068473,1412,1_0000179f34e53a2ffd03,0.3444919,1477,0.3060539,1256,0.1275363,796,0.11766506,657,
3829_0,0.26868472,1871,4,0,0.2004251,1218,1_00006af112204c5cdb10,0.24948183,1404,0.20135804,1073,0.08202035,833,0.071447104,700,
3859_0,0.24517995,2596,4,-1,0.21148562,2237,2_0000cc337c6d19e59ee9,0.33363444,3567,0.23133826,2356,0.12909722,1339,0.10466746,1077,
3865_0,0.38426262,1708,4,2,0.30091065,1099,1_000025582eae3c7c1fb2,0.3593902,1288,0.30842772,915,0.15824765,207,0.14059612,183,
3871_0,0.29799435,2116,4,0,0.23432167,1437,1_00006af112204c5cdb10,0.30172607,1741,0.24528363,1338,0.08606306,846,0.07502335,697,
3881_0,0.24450618,1813,4,0,0.17500268,1161,1_00006af112204c5cdb10,0.20990992,1266,0.17150417,1013,0.07696696,869,0.06569402,741,
3894_0,0.23582363,1795,4,6,0.17506471,1179,1_00000e0643e441a6d028,0.22684053,1392,0.1703116,1018,0.11117087,203,0.096974134,186,
3896_0,0.26759627,1933,4,0,0.19700435,1302,1_00006af112204c5cdb10,0.23284452,1512,0.19863698,1185,0.07098064,995,0.06468334,845,
3897_0,0.30628192,2783,4,-1,0.2763927,2428,2_00005dba9bf3749b9b3e,0.40979132,3873,0.30666795,2634,0.107590206,1262,0.08492512,970,
3908_0,0.23155884,2634,4,-1,0.20519896,2309,2_0000cc337c6d19e59ee9,0.34295416,3860,0.2184892,2450,0.11834371,1156,0.09192869,943,
3931_0,0.16113716,1710,4,-1,0.10306822,1134,2_00002faeb84684f9a919,0.09689184,1161,0.08266413,959,0.048969805,515,0.033749457,396,
3973_0,0.35177314,2125,4,1,0.2754266,1454,1_0000179f34e53a2ffd03,0.32998455,1612,0.29083169,1312,0.12685697,735,0.115843266,610,
4003_0,0.26207644,1809,4,0,0.19521622,1114,1_00006af112204c5cdb10,0.26627463,1011,0.2023687,924,0.111640975,655,0.09375975,553,
4016_0,0.23886731,2912,4,-1,0.19101204,2378,2_00006b455b0c0b405ac1,0.2451779,3181,0.19381675,2468,0.08606935,945,0.06672858,778,
4034_0,0.4090193,2874,4,-1,0.40339437,2655,2_00000a3df0ecf3e61fa2,0.63462234,4664,0.48506588,3094,0.16339815,2705,0.13268173,1985,
4042_0,0.38419747,1820,4,2,0.3015185,1235,1_000025582eae3c7c1fb2,0.35749137,1699,0.3079257,1089,0.15416166,287,0.13837968,249,
4045_0,0.2757665,5198,4,-1,0.20520815,4504,2_0000a9568d93bd4b0129,0.30681026,5404,0.2135778,4922,0.09620558,821,0.07956806,873,
4090_0,0.28870925,3277,4,-1,0.24447672,2783,2_00006b455b0c0b405ac1,0.32265785,3809,0.25984415,2991,0.095652096,1076,0.07531799,929,
4111_0,0.22201855,2763,4,-1,0.19053008,2473,2_0000cc337c6d19e59ee9,0.33600572,4191,0.20023581,2687,0.12804945,1300,0.0932522,1015,
4113_0,0.19280286,6388,4,-1,0.11966012,5751,2_00005c27a53c6ff8a5b9,0.10710266,7330,0.102274776,6486,0.023221286,1092,0.020828262,1190,
4136_0,0.27912834,5349,4,-1,0.20940447,4674,2_0000a9568d93bd4b0129,0.32174188,5643,0.21759754,5107,0.094760664,883,0.08033069,929,
4142_0,0.2000719,6508,4,-1,0.124697536,5867,2_00005c27a53c6ff8a5b9,0.11205937,7447,0.10741992,6618,0.022210248,1094,0.021689735,1209,
4147_0,0.26276958,1634,4,1,0.1915471,982,1_00000e13c64bbd61ca02,0.21874073,707,0.18676402,762,0.078939825,205,0.072122805,173,
4154_0,0.3450598,1864,4,2,0.2711959,1247,1_000025582eae3c7c1fb2,0.34178346,1580,0.27759123,1086,0.16751468,280,0.14799954,241,
4174_0,0.2572732,2986,4,-1,0.21549478,2476,2_00006b455b0c0b405ac1,0.29315004,3426,0.22770692,2617,0.09232151,1018,0.072162695,853,
4195_0,0.1635636,1719,4,-1,0.104557164,1148,2_00002faeb84684f9a919,0.10417114,1241,0.08652436,984,0.056910858,558,0.039153785,415,
4208_0,0.24396674,2441,4,-1,0.21457382,2082,2_000009a4681194bd1ef5,0.35718188,3581,0.22571334,2178,0.12154219,1170,0.09104635,909,
4219_0,0.27985245,4945,4,-1,0.22387664,4674,2_0000a174d3c4718f212c,0.3197024,7052,0.24496517,5415,0.06958021,1066,0.06778249,1066,
4233_0,0.3705824,2979,4,-1,0.36710817,2719,2_00005dba9bf3749b9b3e,0.6324716,4557,0.43333876,3088,0.16576944,1870,0.130145,1380,
4268_0,0.14346783,1839,4,-1,0.08622663,1205,2_000071cb95117aba0653,0.09702818,1416,0.068129376,1052,0.020191133,316,0.016039249,249,
4287_0,0.24966127,1765,4,6,0.18759218,1164,1_00000e0643e441a6d028,0.24420515,1459,0.18368539,989,0.12676144,244,0.11037826,205,
4304_0,0.35954902,1684,4,2,0.2811715,1063,1_000025582eae3c7c1fb2,0.34219956,1155,0.28640628,875,0.15686269,215,0.1394296,183,
4307_0,0.30820635,4078,4,-1,0.2578092,3582,2_0000d52174b2fc6d61e9,0.3962781,4805,0.29229555,3973,0.13579193,1017,0.12004291,1013,
4335_0,0.32987237,1749,4,5,0.25969094,1147,1_000097b320ca42a494fb,0.33190632,1401,0.26429448,979,0.14773633,249,0.13015959,211,
4336_0,0.22999655,1795,4,6,0.17009023,1193,1_00000e0643e441a6d028,0.22412765,1509,0.16359012,1030,0.10668099,212,0.093818486,193,
4338_0,0.2997178,1701,4,1,0.22913247,1085,1_00000e13c64bbd61ca02,0.27348414,1230,0.2284624,899,0.09586166,227,0.08696556,191,
4355_0,0.504406,7007,4,-1,0.45980182,6238,2_0000fc42140f512c5443,0.6084381,7680,0.5322587,6934,0.12856103,900,0.11679511,978,
4380_0,0.33483502,1613,4,2,0.2610311,1000,1_000025582eae3c7c1fb2,0.32458693,1075,0.26372325,790,0.16111046,217,0.14118549,173,
4473_0,0.19080484,2267,4,-1,0.12779951,1650,2_0000e2630f7ea48127d9,0.16242655,2325,0.118077844,1580,0.056373782,684,0.042470254,551,
4481_0,0.368059,4140,4,-1,0.35900214,3880,2_00006b455b0c0b405ac1,0.55439657,5861,0.4207641,4457,0.13421679,1419,0.10768895,1266,
4491_0,0.28317568,2961,4,-1,0.2563195,2711,2_000045f6d50aecdbf160,0.44822824,4717,0.2919439,2926,0.14652342,1307,0.11575184,1038,
4499_0,0.18733087,2069,4,-1,0.13614501,1530,2_0000b265ab3a6e24450e,0.19960146,2248,0.121887766,1432,0.083030924,754,0.06193721,576,
4523_0,0.28897598,1860,4,0,0.22172707,1222,1_00006af112204c5cdb10,0.2770811,1434,0.22732466,1090,0.07261328,905,0.066160485,770,
4524_0,0.2508996,3328,4,-1,0.19368248,2717,2_0000d52174b2fc6d61e9,0.27145284,3521,0.20650907,2862,0.112909,1064,0.101622835,1020,
4527_0,0.3485239,2880,4,-1,0.3306014,2542,2_0000f6e5bafcd580d50b,0.49747378,3934,0.38177708,2806,0.1322957,1395,0.105163775,1085,
4574_0,0.22762462,1725,4,8,0.16514868,1095,1_00003d50999ea5f79022,0.20845637,1129,0.1613648,911,0.10014497,199,0.088054344,171,
4575_0,0.4008974,5774,4,-1,0.37618098,5277,2_0000f0428a24c3337fd8,0.53119934,6664,0.43227506,5849,0.12422502,1058,0.0993917,984,
4578_0,0.23369971,1701,4,0,0.16808341,1061,1_00006af112204c5cdb10,0.21955022,1135,0.16341875,901,0.08365298,800,0.069425754,688,
4587_0,0.25779212,1682,4,1,0.19039242,1041,1_00000e13c64bbd61ca02,0.22107083,848,0.18609986,845,0.08027109,287,0.07392053,243,
4594_0,0.19791967,3180,4,-1,0.16030997,2801,2_0000f6385c405fe3ab4d,0.27622727,4124,0.16858189,2942,0.093031615,1232,0.06987021,1053,
4609_0,0.24528363,1964,4,0,0.18067801,1357,1_000050bae147b6149018,0.2261585,1680,0.18075576,1282,0.08116516,1029,0.068803795,888,
4621_0,0.29463822,5418,4,-1,0.22587761,4749,2_0000a9568d93bd4b0129,0.3504615,5725,0.24064264,5201,0.09773713,875,0.083941326,927,
4643_0,0.4076309,1737,4,2,0.32081783,1133,1_000025582eae3c7c1fb2,0.38261446,1408,0.3298335,958,0.16662323,231,0.14871144,198,
4666_0,0.3826652,1708,4,2,0.29931915,1099,1_000025582eae3c7c1fb2,0.3622945,1288,0.3079998,915,0.15779895,207,0.14149943,183,
4676_0,0.25266936,2095,4,0,0.18759727,1461,1_0000fee52e920116851d,0.22849083,1732,0.18775275,1358,0.08761795,977,0.07735568,838,
4698_0,0.34030715,2656,4,-1,0.33258668,2327,2_00005dba9bf3749b9b3e,0.54076356,3812,0.38977328,2560,0.15457477,1396,0.12821488,1100,
4780_0,0.30284962,5769,4,-1,0.25113788,5223,2_0000f0428a24c3337fd8,0.37968683,6491,0.28701472,5801,0.15834892,958,0.10914973,940,
4799_0,0.1923499,2214,4,-1,0.15639459,1841,2_000020324a08238601dd,0.2821279,3269,0.15788354,1888,0.08873021,956,0.06672688,750,
4802_0,0.3386096,3545,4,-1,0.3117312,3144,2_0000601f80b72ca8f914,0.42222485,4380,0.34825078,3459,0.104884245,1116,0.08700425,985,
4851_0,0.3457666,3248,4,-1,0.33352414,2981,2_0000f6e5bafcd580d50b,0.5183742,4727,0.38900122,3352,0.15953791,1693,0.1294281,1314,
4855_0,0.20961066,2586,4,-1,0.17740528,2228,2_0000cc337c6d19e59ee9,0.30694368,3677,0.18633896,2345,0.11111956,1066,0.08404278,857,
4856_0,0.2968312,3280,4,-1,0.25908455,2807,2_00006b455b0c0b405ac1,0.34965312,3903,0.28093788,3038,0.10114464,1111,0.07993406,953,
4865_0,0.425084,1957,4,2,0.3465566,1395,1_000025582eae3c7c1fb2,0.43466985,2183,0.3642407,1288,0.17394854,329,0.1567098,287,
4868_0,0.2674408,2000,4,0,0.19840375,1328,1_00006af112204c5cdb10,0.26541942,1498,0.20687789,1199,0.09119419,877,0.080543205,748,
4869_0,0.25943312,1736,4,0,0.19296163,1090,1_00006af112204c5cdb10,0.26160997,1186,0.19731532,937,0.084508166,834,0.07307974,710,
4880_0,0.3182755,5189,4,-1,0.2921567,4669,2_00009cdd41a96fcacd2c,0.45991307,5661,0.34871823,5130,0.12983443,805,0.09699602,845,
4901_0,0.28188342,1638,4,1,0.20635062,998,1_00000e13c64bbd61ca02,0.2235083,856,0.19925818,781,0.080501355,193,0.0732475,161,
4933_0,0.22787267,1756,4,8,0.16699418,1133,1_00003d50999ea5f79022,0.21488762,1271,0.16183421,954,0.105744734,190,0.09228693,171,
4968_0,0.24992746,1982,4,6,0.18924332,1434,1_00000e0643e441a6d028,0.25957766,2270,0.18550421,1341,0.12405744,306,0.10711783,285,
4972_0,0.28648886,5458,4,-1,0.25131318,4895,2_0000f0428a24c3337fd8,0.36233273,6045,0.2785422,5382,0.1512203,1038,0.106695615,981,
5017_0,0.22157158,2093,4,0,0.15408942,1480,1_000050bae147b6149018,0.17912313,1881,0.1482586,1440,0.08505238,1129,0.073001996,981,
5088_0,0.2498497,1714,4,6,0.18804383,1114,1_00000e0643e441a6d028,0.24610764,1364,0.18400857,930,0.12848143,231,0.111577734,195,
5117_0,0.21270871,1800,4,0,0.14413814,1127,1_00006af112204c5cdb10,0.17383651,1112,0.13418685,944,0.082175836,708,0.06973673,598,
5120_0,0.25305644,1943,4,6,0.1939727,1394,1_00000e0643e441a6d028,0.27382806,2205,0.19255482,1295,0.12836482,295,0.11139226,275,
5133_0,0.27070606,1916,4,0,0.19708209,1255,1_00006af112204c5cdb10,0.23999701,1415,0.19739307,1126,0.06499432,857,0.058774766,733,
5160_0,0.26023486,2370,4,-1,0.2292427,2037,2_000020324a08238601dd,0.36490235,3540,0.25279012,2166,0.112443075,1313,0.088399336,1011,
5185_0,0.4157974,3940,4,-1,0.4153884,3575,2_00001dca2a881422a113,0.5720428,4869,0.464646,3914,0.13707991,896,0.11966737,884,
5187_0,0.37543526,2825,4,-1,0.36628097,2551,2_00000a3df0ecf3e61fa2,0.52934825,4116,0.420986,2876,0.13736916,1795,0.1128291,1366,
5197_0,0.39276075,1721,4,2,0.30779654,1114,1_000025582eae3c7c1fb2,0.36641377,1365,0.3142248,934,0.16029674,207,0.14336601,181,
5203_0,0.35587543,1669,4,2,0.27581978,1053,1_000025582eae3c7c1fb2,0.3295192,1145,0.27825466,859,0.15189117,205,0.13394645,176,
5216_0,0.15541777,2149,4,-1,0.08937636,1404,2_000020067735e9ca6727,0.056280866,1607,0.066229835,1216,0.012862494,379,0.010995906,299,
5242_0,0.53561556,1893,4,0,0.4610697,1416,1_00001406e2c0b9274815,0.6279469,2369,0.5098065,1372,0.22013718,640,0.19938666,524,
5244_0,0.25650826,1749,4,6,0.19309014,1141,1_00000e0643e441a6d028,0.24123162,1431,0.18931809,960,0.12646824,255,0.11038418,208,
5329_0,0.65951455,5131,4,-1,0.6369016,4668,2_0000ef318b2bea6e4311,0.79139405,5975,0.71899766,5178,0.11031836,1003,0.11902463,1005,
5333_0,0.30284962,5769,4,-1,0.25113788,5223,2_0000f0428a24c3337fd8,0.37968683,6491,0.28701472,5801,0.15834892,958,0.10914973,940,
5337_0,0.36015975,2781,4,-1,0.34725556,2510,2_00000a3df0ecf3e61fa2,0.5227307,4092,0.40565535,2837,0.14332494,1936,0.117240794,1474,
5356_0,0.27770305,2004,4,0,0.20508976,1378,1_000050bae147b6149018,0.2520474,1645,0.20959894,1297,0.07222455,981,0.06499432,852,
5375_0,0.301681,3463,4,-1,0.2666222,3031,2_00006b455b0c0b405ac1,0.37092215,4316,0.29227355,3330,0.10085248,1121,0.079992495,964,
5379_0,0.27031735,2020,4,0,0.21037638,1357,1_00006af112204c5cdb10,0.28345615,1664,0.21846181,1243,0.09515916,846,0.08310877,695,
5404_0,0.44298387,6765,4,-1,0.39518893,5988,2_0000fc42140f512c5443,0.54601884,7344,0.44324976,6639,0.13913043,874,0.116263315,944,
5411_0,0.22999655,1795,4,6,0.17009023,1193,1_00000e0643e441a6d028,0.22412765,1509,0.16359012,1030,0.10668099,212,0.093818486,193,
5418_0,0.23556557,1923,4,0,0.16707274,1272,1_00006af112204c5cdb10,0.21659593,1554,0.16116416,1144,0.078910574,866,0.066471465,729,
5432_0,0.25043908,1777,4,6,0.18811269,1213,1_00000e0643e441a6d028,0.2515697,1797,0.18647045,1071,0.1276618,293,0.11116791,245,
5434_0,0.26504454,3072,4,-1,0.22484379,2541,2_00006b455b0c0b405ac1,0.28234023,3361,0.23489398,2653,0.08566033,1037,0.068539955,858,
5438_0,0.1846009,6276,4,-1,0.111835025,5634,2_00005c27a53c6ff8a5b9,0.099723294,7189,0.09456038,6355,0.022509376,1149,0.019856095,1225,
5446_0,0.28297222,1673,4,1,0.21011971,1043,1_00000e13c64bbd61ca02,0.23574588,1005,0.205558,846,0.086780086,224,0.078326754,183,
5456_0,0.24232934,1871,4,0,0.17500268,1218,1_00006af112204c5cdb10,0.23696497,1404,0.17546915,1073,0.08761795,833,0.07362395,700,
5497_0,0.26985088,1984,4,0,0.19887021,1327,1_00006af112204c5cdb10,0.24092995,1550,0.20034735,1202,0.07517884,857,0.06608274,734,
5521_0,0.56797576,1560,4,0,0.49403375,1034,1_00001406e2c0b9274815,0.6720509,1653,0.5488101,914,0.22592537,554,0.20453772,415,
5523_0,0.2993335,2815,4,-1,0.26889282,2446,2_0000f6e5bafcd580d50b,0.37984696,3654,0.29701737,2670,0.119446635,1305,0.09584407,1014,
5537_0,0.18176183,2288,4,-1,0.13985074,1804,2_00002faeb84684f9a919,0.21688996,2591,0.13224055,1743,0.06920846,723,0.050789632,606,
5549_0,0.20632106,2503,4,-1,0.14490971,1870,2_00001dca2a881422a113,0.1521552,2175,0.12872423,1735,0.069883876,827,0.05545133,690,
5559_0,0.30943578,1686,4,1,0.23711601,1068,1_00000e13c64bbd61ca02,0.27945155,1217,0.23753473,873,0.09762052,209,0.08834754,175,
5589_0,0.28625494,2054,4,0,0.23082317,1451,1_00006af112204c5cdb10,0.28470007,1806,0.24326228,1384,0.085130125,1044,0.07852185,896,
5650_0,0.30065703,2521,4,-1,0.26795533,2165,2_00000a3df0ecf3e61fa2,0.38960782,3367,0.30093277,2356,0.12385833,1544,0.097829334,1192,
5658_0,0.2735826,2061,4,0,0.21247548,1435,1_000050bae147b6149018,0.28228998,1734,0.22157158,1361,0.09080547,989,0.08015448,847,
5668_0,0.20183505,2639,4,-1,0.16400476,2238,2_000009a4681194bd1ef5,0.24793726,3640,0.16808558,2297,0.11029237,1102,0.08475968,860,
5681_0,0.25904438,1869,4,0,0.19513848,1213,1_00006af112204c5cdb10,0.27031735,1340,0.20594496,1081,0.11381782,945,0.099512845,810,
5704_0,0.37669483,1699,4,2,0.29647183,1101,1_000025582eae3c7c1fb2,0.35883415,1294,0.30283424,915,0.15304585,217,0.13786213,190,
5708_0,0.21048734,1736,4,8,0.15073353,1131,1_00003d50999ea5f79022,0.19949438,1386,0.14276776,953,0.0829451,218,0.07287655,192,
5735_0,0.2972169,2261,4,0,0.23572107,1652,1_000050bae147b6149018,0.33515617,2278,0.25391325,1646,0.08948381,970,0.0772002,816,
5740_0,0.235303,2730,4,-1,0.18937597,2246,2_0000947e30263fe9f858,0.25008613,3171,0.19001871,2320,0.08706269,823,0.07000074,695,
5763_0,0.25266936,1926,4,0,0.18643111,1269,1_00006af112204c5cdb10,0.23066768,1462,0.18440975,1132,0.07650049,898,0.06864831,757,
5768_0,0.24885908,2896,4,-1,0.20614576,2404,2_00006b455b0c0b405ac1,0.29244885,3626,0.21514419,2553,0.10108621,1033,0.07923289,848,
5786_0,0.3342331,6632,4,-1,0.25911343,6040,2_00002fc775c0333f2be9,0.3522585,7614,0.2723765,6810,0.062706195,958,0.05508139,1071,
5791_0,0.3707015,3164,4,1,0.29933244,2478,1_0000179f34e53a2ffd03,0.35897553,3149,0.31697208,2605,0.12567562,1043,0.11748551,936,
5808_0,0.2629395,4310,4,-1,0.21115741,3951,2_000044bec0b2db7b7229,0.30908892,6024,0.22978406,4534,0.08192222,1107,0.07627766,1027,
5827_0,0.29870102,3452,4,-1,0.26726493,3020,2_00006b455b0c0b405ac1,0.38956174,4326,0.29928532,3319,0.11733012,1300,0.09278896,1116,
5840_0,0.27100456,2716,4,-1,0.23617947,2230,2_0000947e30263fe9f858,0.33779156,3037,0.25365043,2311,0.103949346,818,0.086478375,681,
5848_0,0.22406176,1738,4,8,0.16390406,1145,1_00003d50999ea5f79022,0.21434009,1510,0.15777193,991,0.0930677,274,0.081222154,229,
5855_0,0.26345375,3261,4,-1,0.20355926,2628,2_0000d52174b2fc6d61e9,0.28346497,3379,0.21329278,2730,0.10150586,996,0.08692336,900,
5859_0,0.68913925,5131,4,-1,0.66775334,4668,2_0000ef318b2bea6e4311,0.82020074,5975,0.7511349,5178,0.10897444,1003,0.118907765,1005,
5867_0,0.28664365,2084,4,0,0.21869504,1406,1_00006af112204c5cdb10,0.28850952,1604,0.22724693,1293,0.085441105,864,0.076034024,742,
5924_0,0.2905206,5617,4,-1,0.25259867,5067,2_0000f0428a24c3337fd8,0.3818488,6336,0.28765747,5608,0.15899166,1084,0.11066895,1032,
5947_0,0.2936716,2231,4,1,0.22559294,1478,1_00000e13c64bbd61ca02,0.26754564,1659,0.22526085,1279,0.10858941,434,0.09838611,342,
5954_0,0.18942285,2657,4,-1,0.1250026,2000,2_00001c2ab2e54b7b861c,0.13374615,2627,0.113001555,1994,0.04401069,815,0.037169613,673,
5979_0,0.2965172,1925,4,0,0.22833535,1307,1_000050bae147b6149018,0.30763465,1586,0.24264032,1210,0.08132065,969,0.07463463,826,
5998_0,0.4359376,6751,4,-1,0.39904442,5973,2_0000fc42140f512c5443,0.55266625,7380,0.44544342,6628,0.14039344,899,0.11878933,954,
6000_0,0.1713392,2890,4,-1,0.13389494,2440,2_0000f6385c405fe3ab4d,0.26740387,3580,0.12755314,2453,0.07020109,920,0.050734483,787,
6009_0,0.2984608,2182,4,0,0.23447716,1565,1_000050bae147b6149018,0.34837273,2158,0.25321355,1540,0.09585886,960,0.08139839,807,
6010_0,0.18435371,8361,4,-1,0.14983219,7635,2_00000b41fc994f1539a5,0.25008798,8570,0.15198289,8122,0.09148752,2932,0.06904302,2873,
6012_0,0.24454314,1670,4,6,0.18116981,1028,1_00000e0643e441a6d028,0.2262482,933,0.17757732,812,0.11787127,169,0.102911904,143,
6024_0,0.32398164,1695,4,6,0.25005555,1078,1_00000e0643e441a6d028,0.29575032,1136,0.2494362,902,0.14691669,313,0.12874761,238,
6025_0,0.38652164,2205,4,1,0.31197283,1550,1_0000179f34e53a2ffd03,0.37715572,1747,0.33130547,1443,0.13387759,863,0.12437138,726,
6035_0,0.3566649,4144,4,-1,0.3439853,3909,2_00006b455b0c0b405ac1,0.54019773,6112,0.40428644,4551,0.13848227,1456,0.10961718,1290,
6045_0,0.31516403,1736,4,5,0.2461195,1135,1_000097b320ca42a494fb,0.31569675,1410,0.2503702,962,0.14743423,262,0.1304228,216,
6055_0,0.26845148,2167,4,0,0.19910344,1499,1_00006af112204c5cdb10,0.23820889,1835,0.19793728,1405,0.06748214,834,0.05846379,707,
6079_0,0.35578585,1734,4,5,0.2810427,1146,1_000097b320ca42a494fb,0.35458046,1584,0.28960377,983,0.1465398,216,0.13214576,194,
6111_0,0.24963732,2006,4,0,0.18728629,1398,1_000050bae147b6149018,0.24357325,1741,0.19117351,1325,0.08652952,1012,0.076345004,864,
6147_0,0.35473666,3608,4,-1,0.3233006,3215,2_0000601f80b72ca8f914,0.44629857,4511,0.36303392,3549,0.110143065,1138,0.09278896,1005,
6162_0,0.25582317,3041,4,-1,0.22367294,2751,2_000045f6d50aecdbf160,0.39170337,4677,0.24699977,2930,0.13207512,906,0.09882196,754,
6259_0,0.27544847,1809,4,0,0.20827729,1114,1_00006af112204c5cdb10,0.27474877,1011,0.21434136,924,0.09974608,655,0.08505238,553,
6264_0,0.49480304,6506,4,-1,0.4315404,5879,2_00000a62762bcbc1e75c,0.60022795,7193,0.49112982,6574,0.09523045,922,0.09773713,1074,
6288_0,0.5057749,6501,4,-1,0.4487699,5886,2_00000a62762bcbc1e75c,0.64906025,7255,0.52067137,6601,0.104919165,954,0.10641481,1088,
6292_0,0.32621402,5409,4,-1,0.2771122,5110,2_000044bec0b2db7b7229,0.40096974,7543,0.30984896,5927,0.08788997,1083,0.08164714,1108,
6321_0,0.19212931,2343,4,-1,0.14448301,1885,2_0000cc337c6d19e59ee9,0.19196388,2709,0.1401816,1866,0.085586876,884,0.0649622,726,
6333_0,0.20199713,2847,4,-1,0.13620344,2204,2_00005036522f30c9cf9c,0.1316458,2591,0.117096394,2106,0.06608584,754,0.04890702,636,
6338_0,0.18860795,1781,4,0,0.11739406,1064,1_00006af112204c5cdb10,0.11008608,827,0.09850217,829,0.068726055,521,0.056597922,432,
6353_0,0.2083423,2355,4,-1,0.15871073,1835,2_00002faeb84684f9a919,0.21722083,2325,0.15600856,1775,0.09347278,759,0.071138576,634,
6399_0,0.22172868,1829,4,8,0.16466409,1264,1_00003d50999ea5f79022,0.22841428,1911,0.15808031,1134,0.09994468,244,0.087827034,229,
6466_0,0.33394063,1685,4,2,0.25905383,1068,1_000025582eae3c7c1fb2,0.32114103,1168,0.26174596,878,0.14959994,216,0.13169113,183,
6508_0,0.1853442,2811,4,-1,0.11814816,2150,2_00005036522f30c9cf9c,0.08595249,2414,0.09214621,2027,0.03751291,721,0.027228992,610,
6514_0,0.26093817,3255,4,-1,0.1969007,2640,2_0000c9551ee911c6678d,0.2833006,3695,0.20884472,2749,0.065009266,597,0.059062615,563,
6539_0,0.23001476,2521,4,-1,0.19268078,2124,2_000020324a08238601dd,0.3130649,3259,0.2119268,2212,0.102075584,936,0.07885904,760,
6543_0,0.12558588,1533,4,6,0.08185689,1083,1_0000271e2999ef726d68,0.17574938,2042,0.066407055,956,0.062371768,651,0.0419311,465,
6566_0,0.28155434,4572,4,-1,0.22722664,4191,2_000044bec0b2db7b7229,0.327258,6327,0.24618241,4792,0.07785696,1005,0.072359,972,
6569_0,0.2642967,1827,4,5,0.19915268,1264,1_000097b320ca42a494fb,0.26037547,1890,0.19705583,1128,0.12825708,253,0.1130134,230,
6623_0,0.26037005,2956,4,-1,0.20889203,2428,2_0000601f80b72ca8f914,0.2552865,3178,0.21263164,2511,0.10131993,1044,0.080459945,873,
6631_0,0.2585779,1908,4,0,0.18604238,1251,1_00006af112204c5cdb10,0.2102209,1435,0.18044478,1112,0.06328394,891,0.0562092,748,
6635_0,0.21047547,1744,4,8,0.15132585,1146,1_00003d50999ea5f79022,0.20158234,1462,0.14489757,982,0.084880546,206,0.07389055,187,
6641_0,0.13786213,1713,4,-1,0.080130406,1095,2_000071cb95117aba0653,0.08712104,1316,0.06274803,929,0.018776197,335,0.01410084,253,
6708_0,0.31245482,1928,4,0,0.24536137,1316,1_000050bae147b6149018,0.35070506,1629,0.26697433,1227,0.08870637,984,0.07922155,845,
6716_0,0.2763814,2087,4,0,0.2142636,1473,1_000050bae147b6149018,0.29698366,1834,0.2289573,1428,0.09865765,1101,0.087462455,959,
6738_0,0.16113716,1710,4,-1,0.10306822,1134,2_00002faeb84684f9a919,0.09689184,1161,0.08266413,959,0.048969805,515,0.033749457,396,
6744_0,0.2834657,3661,4,-1,0.2258206,3095,2_0000d52174b2fc6d61e9,0.3307572,4163,0.24526986,3327,0.107736826,909,0.09591534,865,
6760_0,0.22923392,1674,4,8,0.16730255,1026,1_00003d50999ea5f79022,0.20157975,880,0.15993504,814,0.09699227,167,0.08468619,145,
6776_0,0.20139387,2338,4,-1,0.16940908,1970,2_000009a4681194bd1ef5,0.30137393,3495,0.17779131,2024,0.115145236,1109,0.08729641,848,
6799_0,0.36145627,5066,4,-1,0.3367398,4554,2_00009cdd41a96fcacd2c,0.49432912,5581,0.39289233,5008,0.14420854,863,0.11335679,913,
6805_0,0.31919968,6911,4,-1,0.24352619,6341,2_00002fc775c0333f2be9,0.34482586,7996,0.25852442,7153,0.06345402,927,0.05440539,1062,
6815_0,0.17007084,2616,4,-1,0.13031043,2189,2_0000f6385c405fe3ab4d,0.24203663,3186,0.13201997,2209,0.09479629,860,0.06694747,727,
6840_0,0.21480782,1701,4,0,0.15113513,1061,1_00006af112204c5cdb10,0.19467202,1135,0.14390491,901,0.078288615,800,0.06499432,688,
6857_0,0.31944412,3581,4,-1,0.29022846,3207,2_0000601f80b72ca8f914,0.3984433,4530,0.32306686,3555,0.106520325,1069,0.08823131,959,
6906_0,0.23393294,1838,4,0,0.16131966,1198,1_00006af112204c5cdb10,0.19848149,1409,0.15424491,1056,0.079843506,857,0.06623823,714,
6909_0,0.3299864,1730,4,1,0.25616175,1123,1_00000e13c64bbd61ca02,0.31366876,1459,0.26141128,943,0.10480255,220,0.09713888,190,
6918_0,0.2669627,2763,4,-1,0.24545568,2473,2_0000cc337c6d19e59ee9,0.3983209,4191,0.2690031,2687,0.13825148,1300,0.10389541,1015,
6975_0,0.19859105,2857,4,-1,0.13528363,2239,2_00001c2ab2e54b7b861c,0.15156537,3022,0.12686326,2313,0.048790812,796,0.04251209,682,
7012_0,0.20497714,2507,4,-1,0.16582814,2067,2_0000947e30263fe9f858,0.29817513,3396,0.16711362,2134,0.096879154,870,0.073506616,691,
7028_0,0.24088177,2009,4,6,0.18160962,1445,1_00000e0643e441a6d028,0.2526229,2153,0.17933321,1361,0.12047087,306,0.10533195,286,
7049_0,0.277803,5468,4,-1,0.20994869,4860,2_0000a9568d93bd4b0129,0.31951028,6004,0.21919167,5349,0.10096165,1088,0.08499716,1121,
7057_0,0.238722,1758,4,6,0.17668585,1140,1_00000e0643e441a6d028,0.22562625,1296,0.1729586,968,0.11494885,203,0.100139044,181,
7073_0,0.13527359,1876,4,-1,0.09104635,1420,2_00003f66da74e45f1d4b,0.18087949,2252,0.077756114,1330,0.068546705,762,0.047094837,580,
7113_0,0.27585435,3272,4,-1,0.23670535,2817,2_0000601f80b72ca8f914,0.30805,3867,0.25160533,3035,0.10295601,1059,0.08367367,919,
7204_0,0.27881145,4984,4,-1,0.2104218,4302,2_0000a9568d93bd4b0129,0.3286555,5248,0.22125632,4706,0.10199082,901,0.08468026,923,
7212_0,0.35082176,3545,4,-1,0.3268065,3144,2_0000601f80b72ca8f914,0.451908,4380,0.36811745,3459,0.1100262,1116,0.09080229,985,
7254_0,0.391873,1871,4,2,0.3134207,1288,1_000025582eae3c7c1fb2,0.39568353,1811,0.32689035,1153,0.17268057,286,0.15292923,250,
7274_0,0.15192774,8324,4,-1,0.11365629,7549,2_00000b41fc994f1539a5,0.19720277,8514,0.10091752,8048,0.053877816,2734,0.040367,2771,
7284_0,0.18029056,6530,4,-1,0.11037529,5920,2_00005c27a53c6ff8a5b9,0.09875409,7598,0.092017785,6713,0.023143541,1057,0.021049645,1191,
7288_0,0.23821665,3328,4,-1,0.1839249,2717,2_0000d52174b2fc6d61e9,0.25961024,3521,0.19641647,2862,0.12842146,1064,0.11461085,1020,
7317_0,0.3713853,1749,4,2,0.296373,1158,1_000025582eae3c7c1fb2,0.3706408,1478,0.3077758,997,0.15218437,230,0.13790396,207,
7319_0,0.19609985,7966,4,-1,0.16863704,7183,2_00000b41fc994f1539a5,0.25869077,8458,0.17100833,7590,0.09463085,3313,0.07494366,3079,
7340_0,0.24256258,1923,4,0,0.17438072,1272,1_00006af112204c5cdb10,0.21208677,1554,0.16707274,1144,0.07354621,866,0.06289522,729,
7393_0,0.2004564,2587,4,-1,0.18992347,2250,2_000045f6d50aecdbf160,0.3247559,3715,0.19764394,2334,0.109630615,1004,0.083325885,811,
7405_0,0.13477728,1927,4,-1,0.08828904,1478,2_00003f66da74e45f1d4b,0.15479535,2375,0.073399566,1377,0.061708577,778,0.043179456,595,
7406_0,0.2564394,1747,4,6,0.19369137,1180,1_00000e0643e441a6d028,0.25354695,1660,0.1915197,1030,0.13195436,354,0.11550526,278,
7418_0,0.26720756,1975,4,0,0.19506073,1316,1_00006af112204c5cdb10,0.27894697,1580,0.20135804,1199,0.08202035,846,0.07191357,691,
7420_0,0.18591735,7028,4,-1,0.11479965,6416,2_00005c27a53c6ff8a5b9,0.10687571,8119,0.09846421,7295,0.024115708,1054,0.021534245,1245,
7466_0,0.17525458,2338,4,-1,0.132406,1970,2_000009a4681194bd1ef5,0.291227,3495,0.13505301,2024,0.09137723,1109,0.06457618,848,
7469_0,0.3249922,7128,4,-1,0.26961923,6359,2_0000fc42140f512c5443,0.44358212,7685,0.32638818,7036,0.16837907,834,0.12357547,931,
7495_0,0.24436691,1675,4,8,0.179465,1058,1_00003d50999ea5f79022,0.21661982,1112,0.17415844,876,0.107653156,277,0.09363301,224,
7505_0,0.26806274,1920,4,0,0.1928839,1247,1_00006af112204c5cdb10,0.20734435,1386,0.18557592,1110,0.056131456,857,0.051000323,727,
7530_0,0.18010744,2427,4,-1,0.14608225,1993,2_000009a4681194bd1ef5,0.25852534,3432,0.1438764,1988,0.092976466,991,0.068326116,779,
7537_0,0.32521516,1673,4,5,0.25271547,1067,1_000097b320ca42a494fb,0.3184759,1215,0.25643978,879,0.14843935,226,0.1308715,189,
7540_0,0.1586397,1946,4,-1,0.090031624,1218,2_000020067735e9ca6727,0.054543104,1379,0.066923976,1008,0.011516416,416,0.008934956,323,
7542_0,0.16224009,2171,4,-1,0.10869313,1705,2_00002b6cd6eabd9e799a,0.17007084,2652,0.09854623,1690,0.06683717,903,0.048418343,701,
7544_0,0.23855168,3133,4,-1,0.17241143,2517,2_0000c9551ee911c6678d,0.21802847,3462,0.17099354,2609,0.057734672,579,0.050181687,557,
7550_0,0.30994743,5260,4,-1,0.23953867,4565,2_0000a9568d93bd4b0129,0.36303377,5534,0.25498262,4982,0.10180831,854,0.08573313,892,
7561_0,0.12815973,1849,4,-1,0.0822781,1364,2_00003f66da74e45f1d4b,0.14398669,2032,0.06672688,1250,0.061267406,672,0.04240741,519,
7617_0,0.16979511,1771,4,-1,0.10918944,1187,2_00002faeb84684f9a919,0.10091752,1194,0.090274304,1008,0.054760158,526,0.039264075,403,
7649_0,0.1601383,2056,4,-1,0.101356655,1410,2_00004cffdff505f3c537,0.10303777,1789,0.08744423,1285,0.031555038,558,0.02751977,451,
7668_0,0.23852466,1674,4,6,0.1763449,1050,1_00000e0643e441a6d028,0.22378965,1139,0.17166954,844,0.11475745,201,0.100207895,167,
7683_0,0.2511922,2078,4,0,0.1829326,1448,1_000050bae147b6149018,0.21434136,1772,0.17927861,1384,0.06491657,1022,0.056986645,876,
7708_0,0.24330498,2540,4,-1,0.21644878,2211,2_000009a4681194bd1ef5,0.39037988,3912,0.24324983,2346,0.12556787,1251,0.09413454,951,
7722_0,0.20967668,1928,4,0,0.14001769,1284,1_0000fee52e920116851d,0.15634401,1421,0.13037738,1135,0.08163162,837,0.06825958,704,
7738_0,0.23571202,2446,4,-1,0.202114,2022,2_0000947e30263fe9f858,0.3449202,3264,0.21280694,2115,0.11312307,1021,0.08975053,823,
7746_0,0.21343575,2258,4,4,0.17645183,1767,1_00002de325e96806c2a7,0.30500484,2709,0.18153492,1717,0.08028616,670,0.062225692,533,
7755_0,0.3389602,3836,4,-1,0.31745747,3512,2_00006b455b0c0b405ac1,0.48825228,5237,0.36905235,3989,0.13293129,1316,0.10581915,1161,
7795_0,0.28707317,3196,4,-1,0.25172222,2728,2_0000601f80b72ca8f914,0.33662295,3725,0.27328336,2924,0.1062866,1063,0.086945824,920,
7820_0,0.28719002,5127,4,-1,0.26089594,4601,2_00009cdd41a96fcacd2c,0.4232182,5554,0.31254923,5049,0.15086971,826,0.10774738,875,
7875_0,0.38303947,1780,4,2,0.30090213,1196,1_000025582eae3c7c1fb2,0.3660432,1567,0.30909222,1035,0.15304288,248,0.13703954,226,
7880_0,0.34533566,1638,4,2,0.27073056,1025,1_000025582eae3c7c1fb2,0.32920492,1085,0.27318949,825,0.15884294,192,0.13962692,165,
7907_0,0.3098614,5109,4,-1,0.27918494,4578,2_00009cdd41a96fcacd2c,0.42719153,5530,0.32885158,5013,0.14882462,809,0.10903287,849,
7908_0,0.41002357,1750,4,2,0.32631838,1147,1_000025582eae3c7c1fb2,0.39420533,1414,0.33698818,978,0.17234257,223,0.1533509,196,
7918_0,0.32736534,5543,4,-1,0.2729903,4960,2_00000a62762bcbc1e75c,0.4239756,6070,0.30101871,5464,0.110118,1029,0.0976294,1107,
7935_0,0.38569343,1711,4,2,0.30573332,1121,1_000025582eae3c7c1fb2,0.37785614,1480,0.3161369,949,0.15240279,208,0.1374523,188,
7965_0,0.20749012,1740,4,8,0.14863667,1133,1_00003d50999ea5f79022,0.19230938,1383,0.13939962,957,0.081706755,233,0.07138387,196,
7979_0,0.30024895,2125,4,0,0.23261128,1522,1_000050bae147b6149018,0.29255223,1940,0.24466167,1494,0.07875508,1098,0.07424591,961,
7986_0,0.50449437,6426,4,-1,0.4444862,5783,2_00000a62762bcbc1e75c,0.63252413,7175,0.510779,6484,0.1031244,999,0.10365084,1136,
8055_0,0.29006895,3024,4,-1,0.24859902,2598,2_00002faeb84684f9a919,0.38762257,3775,0.26591492,2691,0.10141383,804,0.078142144,755,
8071_0,0.297624,2461,4,-1,0.2726979,2106,2_000020324a08238601dd,0.4327873,3380,0.30799147,2272,0.12060471,1280,0.09556834,1002,
8084_0,0.21855566,1768,4,4,0.18269438,1323,1_0000179c9b20e0fed888,0.33717728,2340,0.19041637,1241,0.08039223,740,0.060704246,558,
8104_0,0.30480266,2186,4,1,0.22617082,1323,1_00000e13c64bbd61ca02,0.24841402,910,0.22351457,1025,0.08491053,217,0.07914935,179,
8125_0,0.14810726,1823,4,-1,0.091267005,1243,2_0000e2630f7ea48127d9,0.15336643,1953,0.073917575,1114,0.041704297,550,0.030331504,456,
8142_0,0.33633363,1658,4,2,0.26163527,1036,1_000025582eae3c7c1fb2,0.32718915,1105,0.2663495,841,0.16374561,226,0.14381175,185,
8184_0,0.23575181,1714,4,8,0.17259097,1076,1_00003d50999ea5f79022,0.21630847,1048,0.16751468,870,0.11004914,166,0.09614265,147,
8196_0,0.27334937,1939,4,0,0.21247548,1316,1_0000438ef047ef07d59e,0.3000157,1538,0.22693595,1228,0.11304037,1003,0.10067901,869,
8208_0,0.13714856,2655,4,-1,0.092976466,2190,2_0000f6385c405fe3ab4d,0.18027289,3269,0.0765429,2148,0.05630425,813,0.038712613,686,
8239_0,0.3287599,6911,4,-1,0.25477052,6341,2_00002fc775c0333f2be9,0.35407805,7996,0.27200627,7153,0.06296645,927,0.055000685,1062,
8285_0,0.33054608,3488,4,-1,0.31167278,3101,2_0000947e30263fe9f858,0.45617348,4397,0.35286686,3431,0.11353208,968,0.096294835,840,
8297_0,0.14222202,2488,4,-1,0.09942857,2047,2_0000f6385c405fe3ab4d,0.1706223,3018,0.08619349,2016,0.068436414,893,0.050293315,746,
8301_0,0.18540148,1993,4,-1,0.14282863,1532,2_00002b6cd6eabd9e799a,0.22940814,2372,0.13891324,1461,0.10334395,701,0.07676349,552,
8313_0,0.12049442,1760,4,-1,0.078197286,1303,2_00003f66da74e45f1d4b,0.15479535,2198,0.060881384,1183,0.058951266,683,0.03920893,513,
8335_0,0.14420342,1885,4,-1,0.08194295,1241,2_000071cb95117aba0653,0.08037809,1369,0.06269398,1062,0.017175792,294,0.013888344,224,
8336_0,0.1706223,1798,4,-1,0.10952032,1198,2_00002faeb84684f9a919,0.095016874,1162,0.08933682,1014,0.05657998,521,0.041028753,399,
8354_0,0.15567769,8508,4,-1,0.109796055,7729,2_00000b41fc994f1539a5,0.1851809,8568,0.102571905,8266,0.07235179,2685,0.05255431,2792,
8362_0,0.1767188,2211,4,-1,0.112630606,1570,2_0000e2630f7ea48127d9,0.14863074,2227,0.09629518,1474,0.043415397,624,0.033915117,506,
8395_0,0.33232206,2095,4,1,0.25987902,1355,1_00000e13c64bbd61ca02,0.29192793,1490,0.2604384,1133,0.10469482,308,0.09571802,247,
8402_0,0.27421826,3178,4,-1,0.22998574,2662,2_00006b455b0c0b405ac1,0.29799983,3582,0.24272378,2820,0.0943666,1074,0.075025834,918,
8436_0,0.2965762,3238,4,-1,0.28240362,2982,2_000045f6d50aecdbf160,0.4403423,4669,0.3205648,3275,0.14067791,1061,0.11387687,919,
8454_0,0.3621601,1622,4,2,0.28039926,998,1_000025582eae3c7c1fb2,0.33344674,923,0.283576,788,0.15271673,168,0.13446696,145,
8455_0,0.3771743,5464,4,-1,0.3477249,4964,2_0000f0428a24c3337fd8,0.49549776,6371,0.39820957,5511,0.13135365,1090,0.104124635,999,
8461_0,0.3386096,3545,4,-1,0.3117312,3144,2_0000601f80b72ca8f914,0.42222485,4380,0.34825078,3459,0.104884245,1116,0.08700425,985,
8465_0,0.2837671,1987,4,0,0.21822858,1316,1_00006af112204c5cdb10,0.28788757,1469,0.2282576,1181,0.08761795,818,0.07712245,696,
8482_0,0.21915095,2352,4,-1,0.1779016,1966,2_00002b6cd6eabd9e799a,0.31538105,3343,0.18021774,2017,0.10091752,912,0.07659805,729,
8500_0,0.13009977,1645,4,6,0.08628806,1192,1_0000271e2999ef726d68,0.1699507,2188,0.06967324,1075,0.06297216,640,0.042189114,468,
8518_0,0.15542702,1874,4,-1,0.09343865,1207,2_00004cffdff505f3c537,0.08480281,1430,0.07687591,1037,0.022847375,487,0.019966785,374,
8581_0,0.15611885,2029,4,-1,0.11850915,1600,2_00002b6cd6eabd9e799a,0.24562111,2751,0.10566009,1554,0.07742524,773,0.053932965,600,
8590_0,0.36911076,5818,4,-1,0.3445696,5316,2_0000f0428a24c3337fd8,0.50145775,6710,0.39744997,5898,0.13807325,952,0.10914973,923,
8609_0,0.37962842,6019,4,-1,0.34871823,5523,2_0000f0428a24c3337fd8,0.49958795,6865,0.39809272,6119,0.14274776,913,0.11294777,925,
8623_0,0.23304778,2661,4,-1,0.19223961,2349,2_000009a4681194bd1ef5,0.35845023,4015,0.20503353,2519,0.12231424,1313,0.09176325,1024,
8655_0,0.20877624,1646,4,8,0.1494652,1030,1_00003d50999ea5f79022,0.18738857,1093,0.14120919,832,0.08338491,193,0.07232309,164,
8657_0,0.21713404,1779,4,8,0.15985693,1186,1_00003d50999ea5f79022,0.2119441,1551,0.15230395,1027,0.08981617,207,0.079122335,189,
8667_0,0.18871391,2193,4,-1,0.12205018,1539,2_0000e2630f7ea48127d9,0.15084127,2045,0.10836507,1434,0.051300455,634,0.03922464,505,
8669_0,0.2586171,2887,4,-1,0.23080379,2496,2_0000947e30263fe9f858,0.38693234,3841,0.25218967,2713,0.13374932,1057,0.10681248,869,
8688_0,0.38293988,1734,4,2,0.30787984,1131,1_000025582eae3c7c1fb2,0.38017923,1398,0.31706023,963,0.17117308,232,0.15178049,200,
8693_0,0.15589827,2528,4,-1,0.11536582,2165,2_0000f6385c405fe3ab4d,0.2205296,3342,0.11111956,2210,0.0874067,947,0.062039454,790,
8698_0,0.18181698,3006,4,-1,0.14635798,2614,2_0000f6385c405fe3ab4d,0.2828448,4131,0.14525506,2728,0.092866175,1038,0.06628571,863,
8728_0,0.14834324,2014,4,-1,0.097498454,1508,2_00002faeb84684f9a919,0.14619254,2148,0.08293986,1390,0.04786688,604,0.032481097,489,
8764_0,0.24596104,1664,4,6,0.1817292,1039,1_00000e0643e441a6d028,0.23131561,1107,0.17813966,829,0.12103914,203,0.104661874,166,
8782_0,0.26374954,1738,4,6,0.19847704,1136,1_00000e0643e441a6d028,0.2500711,1404,0.19541395,959,0.12372537,199,0.108395055,181,
8810_0,0.20317683,2857,4,-1,0.13818532,2239,2_00001c2ab2e54b7b861c,0.15698263,3022,0.13021955,2313,0.047441773,796,0.04116305,682,
8815_0,0.15099026,2085,4,-1,0.10549465,1664,2_0000cc337c6d19e59ee9,0.18054862,2966,0.09589922,1629,0.078693606,977,0.05630425,739,
8837_0,0.22977518,1807,4,6,0.16886076,1199,1_00000e0643e441a6d028,0.22431904,1462,0.16393404,1036,0.108062975,173,0.094306044,170,
8850_0,0.12934381,1629,4,6,0.083997145,1172,1_0000271e2999ef726d68,0.1735806,2151,0.06750411,1048,0.058106393,628,0.038624562,458,
8853_0,0.20263988,2724,4,-1,0.13561913,2060,2_00005036522f30c9cf9c,0.12761404,2323,0.116628945,1927,0.055626627,748,0.040901925,637,
8866_0,0.41287106,7154,4,-1,0.37458193,6395,2_0000fc42140f512c5443,0.52069217,7789,0.42184508,7110,0.14750618,863,0.12045118,960,
8892_0,0.24102838,1645,4,6,0.18004215,1015,1_00000e0643e441a6d028,0.2242113,1008,0.17496291,802,0.12010288,178,0.10391405,150,
8908_0,0.48223385,4098,4,-1,0.44775936,3635,2_0000ef318b2bea6e4311,0.6042969,4803,0.50437933,3985,0.11581091,1165,0.10342346,1018,
8929_0,0.26176545,1832,4,0,0.19296163,1178,1_00006af112204c5cdb10,0.25025928,1292,0.19568269,1036,0.08163162,888,0.07043643,755,
8938_0,0.15905875,1981,4,-1,0.10083354,1392,2_0000e2630f7ea48127d9,0.15017155,2129,0.08524001,1280,0.046547353,570,0.03364005,465,
8977_0,0.41864496,3456,4,-1,0.36236998,2836,2_00007bbeafb1489e4d45,0.53972,3665,0.41778347,2964,0.112463266,914,0.10936129,784,
9017_0,0.27825004,3201,4,-1,0.23775712,2702,2_00006b455b0c0b405ac1,0.31716532,3704,0.25441006,2889,0.10073562,1079,0.079992495,932,
9027_0,0.33703196,5181,4,-1,0.31103003,4673,2_00009cdd41a96fcacd2c,0.47668287,5678,0.3708053,5136,0.12609482,812,0.095652096,850,
9051_0,0.3039023,1729,4,6,0.23565629,1122,1_00000e0643e441a6d028,0.29951978,1349,0.23760656,945,0.13726684,221,0.12235523,193,
9132_0,0.30691725,2077,4,1,0.23086989,1257,1_00000e13c64bbd61ca02,0.2480368,858,0.22477663,975,0.08525446,236,0.07818608,197,
9136_0,0.2483934,1832,4,0,0.17974508,1178,1_00006af112204c5cdb10,0.23502137,1292,0.18231066,1036,0.095003664,888,0.07898831,755,
9137_0,0.24079515,1716,4,6,0.17899224,1087,1_00000e0643e441a6d028,0.22678092,1131,0.17344949,891,0.117563255,190,0.10256798,167,
9140_0,0.5695451,1457,4,0,0.5021635,922,1_00001406e2c0b9274815,0.6768544,1477,0.5562876,762,0.21754387,388,0.1966856,302,
9141_0,0.24611744,2723,4,-1,0.21473925,2412,2_00002b6cd6eabd9e799a,0.35668555,4111,0.23448159,2605,0.111946754,1127,0.085752316,902,
9144_0,0.4097063,1913,4,2,0.32736868,1349,1_000025582eae3c7c1fb2,0.4087019,2136,0.3412722,1231,0.17416435,336,0.1552086,294,
9176_0,0.12601918,1565,4,6,0.08303009,1116,1_0000271e2999ef726d68,0.17869945,2136,0.06605025,989,0.05883972,610,0.03915995,441,
9193_0,0.15225862,2480,4,-1,0.11100927,2050,2_0000f6385c405fe3ab4d,0.19416973,3132,0.10135869,2039,0.082884714,933,0.05784834,768,
9199_0,0.20000601,6754,4,-1,0.12604953,6124,2_00005c27a53c6ff8a5b9,0.113668665,7725,0.10791045,6929,0.0223239,1102,0.020974863,1242,
9205_0,0.24698927,2896,4,-1,0.20684694,2404,2_00006b455b0c0b405ac1,0.30828375,3626,0.2185332,2553,0.10131993,1033,0.077304654,848,
9209_0,0.2647524,5636,4,-1,0.21987712,5104,2_0000f0428a24c3337fd8,0.32563785,6298,0.24494417,5641,0.16436735,1099,0.11055209,1042,
9220_0,0.2909196,1841,4,0,0.23626527,1215,1_0000438ef047ef07d59e,0.3717738,1462,0.26067704,1094,0.13854054,764,0.11972639,650,
9230_0,0.25279915,3224,4,-1,0.1997039,2656,2_0000d52174b2fc6d61e9,0.28511685,3471,0.21511197,2842,0.12747929,1090,0.114162154,1038,
9273_0,0.24202165,1688,4,6,0.17868128,1048,1_00000e0643e441a6d028,0.227846,1006,0.1751965,842,0.11493996,162,0.10065659,141,
9308_0,0.24817747,1615,4,6,0.18509439,993,1_00000e0643e441a6d028,0.23329288,1002,0.18255773,782,0.12388382,191,0.107730895,154,
9329_0,0.31634727,3643,4,-1,0.29098806,3279,2_00006b455b0c0b405ac1,0.41322643,4817,0.32622218,3677,0.10985091,1227,0.08747171,1074,
9346_0,0.21800733,2507,4,-1,0.17570303,2029,2_0000947e30263fe9f858,0.2873069,3121,0.17757283,2079,0.08606935,825,0.065267794,659,
9361_0,0.24877277,1749,4,6,0.18550421,1137,1_00000e0643e441a6d028,0.24145597,1297,0.18363762,954,0.12223861,203,0.10657326,178,
9398_0,0.2450504,1998,4,0,0.17640208,1326,1_00006af112204c5cdb10,0.19731532,1593,0.16715048,1199,0.06235101,849,0.053332657,723,
9400_0,0.2970065,2887,4,-1,0.26966062,2496,2_0000947e30263fe9f858,0.40656525,3841,0.29998648,2713,0.12673756,1057,0.103072874,869,
9411_0,0.14560947,1827,4,-1,0.08611001,1122,2_00004cffdff505f3c537,0.07231124,1084,0.06756406,900,0.01828271,310,0.015405082,235,
9417_0,0.37003887,1771,4,2,0.29090762,1156,1_000025582eae3c7c1fb2,0.36264136,1347,0.3035247,982,0.16860348,234,0.14923492,204,
9423_0,0.21835166,2312,4,-1,0.14741942,1609,2_000036f922d6905a4ed3,0.16746101,1783,0.13691403,1485,0.06886831,694,0.05899708,581,
9469_0,0.3040278,5609,4,-1,0.23593432,4989,2_0000a9568d93bd4b0129,0.35992292,6165,0.250445,5499,0.10472481,1049,0.0884971,1067,
9544_0,0.25826696,2031,4,0,0.18534268,1384,1_00006af112204c5cdb10,0.22374843,1613,0.18215516,1263,0.0772002,946,0.06787086,802,
9549_0,0.16863704,8441,4,-1,0.12385833,7674,2_00000b41fc994f1539a5,0.20734967,8557,0.120715,8198,0.082884714,2777,0.06264606,2799,
9580_0,0.24657744,1609,4,6,0.18192393,965,1_00000e0643e441a6d028,0.21917425,823,0.17642891,733,0.11528685,167,0.1000613,134,
9591_0,0.26299217,2644,4,-1,0.22819492,2274,2_000020324a08238601dd,0.34212697,3462,0.25019825,2403,0.11304968,925,0.08867507,768,
9642_0,0.51171815,7028,4,-1,0.47336257,6264,2_0000fc42140f512c5443,0.6217994,7731,0.52880204,6986,0.12729803,886,0.115798,971,
9643_0,0.1662106,8331,4,-1,0.1293178,7617,2_00000b41fc994f1539a5,0.23205516,8354,0.12363775,8121,0.08293986,2799,0.059833605,2819,
9677_0,0.30304775,1964,4,0,0.2448949,1354,1_000050bae147b6149018,0.34448552,1695,0.26495296,1273,0.09896863,1005,0.08715148,857,
9680_0,0.26417553,1905,4,0,0.19000734,1225,1_00006af112204c5cdb10,0.2114648,1312,0.18347682,1078,0.061418075,834,0.053099424,710,
9696_0,0.2500277,2615,4,-1,0.21619596,2191,2_0000947e30263fe9f858,0.33066294,3434,0.23074536,2302,0.10587758,971,0.08636151,795,
9702_0,0.36356238,1445,4,0,0.29292408,903,1_00001406e2c0b9274815,0.4540386,1289,0.31359392,739,0.20653681,357,0.17955235,280,
9718_0,0.33506826,3761,4,-1,0.31786263,3600,2_000045f6d50aecdbf160,0.5140728,5768,0.36981034,4074,0.15711148,1166,0.1266708,1038,
9752_0,0.20503557,2584,4,-1,0.13678776,1919,2_00001dca2a881422a113,0.12790619,2146,0.11329836,1768,0.06497564,833,0.050309375,668,
9783_0,0.17238697,2299,4,-1,0.130145,1838,2_000009a4681194bd1ef5,0.22736773,2975,0.12374804,1792,0.08459424,994,0.06165343,777,
9799_0,0.16322805,2061,4,-1,0.09458111,1326,2_000020067735e9ca6727,0.062541455,1406,0.07244267,1127,0.011779635,328,0.010846341,255,
9861_0,0.13781032,2619,4,-1,0.094851434,2159,2_0000f6385c405fe3ab4d,0.20359972,3310,0.08415308,2126,0.06953934,940,0.047260273,759,
9870_0,0.2912306,1962,4,0,0.21900602,1309,1_00006af112204c5cdb10,0.26946214,1526,0.22188257,1193,0.06569402,875,0.059008,742,
9888_0,0.27777135,2818,4,-1,0.2590768,2542,2_0000cc337c6d19e59ee9,0.43344906,4270,0.30137393,2778,0.1488947,1370,0.12027383,1101,
9907_0,0.30925983,2660,4,-1,0.29701737,2370,2_00005dba9bf3749b9b3e,0.5622154,4151,0.3493511,2639,0.16758926,1855,0.12865604,1362,
9952_0,0.20343429,2486,4,-1,0.16935395,2125,2_000009a4681194bd1ef5,0.27865368,3732,0.17293844,2229,0.109740905,1225,0.082829565,914,
9967_0,0.22969744,1756,4,8,0.16770017,1142,1_00003d50999ea5f79022,0.21417868,1311,0.16172352,987,0.10096757,275,0.0876175,230,
9970_0,0.22670318,1781,4,8,0.16669506,1192,1_00003d50999ea5f79022,0.22003832,1609,0.16034746,1039,0.09420424,251,0.08212546,215,
