system:index,blue,blue_1,blue_2,current_slice,found_slice,green,green_1,green_2,id,nir,nir_1,nir_2,red,red_1,red_2,swir1,swir1_1,swir1_2,swir2,swir2_1,swir2_2,.geo
15_0,0.28586623,0.26430336,1996,5,0,0.23090091,0.2072616,1384,1_000050bae147b6149018,0.34720656,0.2866273,1491,0.25235838,0.21607172,1278,0.14141709,0.12923986,748,0.120192856,0.107363895,642,
40_0,0.15991986,0.38697764,1883,5,-1,0.08914313,0.31278902,1163,2_000020067735e9ca6727,0.0455452,0.37863505,1016,0.062963486,0.32898945,920,0.009162264,0.15717486,230,0.0062816753,0.16172025,155,
65_0,0.28081465,0.39023927,5345,5,-1,0.22408213,0.33881402,5083,2_0000a174d3c4718f212c,0.29372162,0.48983556,7316,0.24377647,0.38303596,5834,0.06085442,0.13399586,918,0.060743727,0.13025291,938,
85_0,0.2775431,0.43088716,4580,5,-1,0.2254678,0.37733135,4274,2_000044bec0b2db7b7229,0.32332158,0.5533555,6357,0.24580851,0.42720345,4872,0.08147352,0.18399978,1054,0.07702251,0.1772578,942,
104_0,0.19609985,0.6999582,8193,5,-1,0.16863704,0.63339394,7426,2_00000b41fc994f1539a5,0.25869077,0.76711917,8688,0.17100833,0.68473357,7825,0.09463085,0.3161121,2831,0.07494366,0.3267432,2733,
127_0,0.22667024,0.2013075,1502,5,6,0.16703305,0.13966328,964,1_00000e0643e441a6d028,0.22048406,0.17841476,1471,0.16112822,0.12877257,784,0.105002835,0.04850977,280,0.09168571,0.043932952,213,
130_0,0.19368544,0.34792477,6930,5,-1,0.12151782,0.28767255,6326,2_00005c27a53c6ff8a5b9,0.110758096,0.45401943,7879,0.105290115,0.31746268,7103,0.022733722,0.11826454,1025,0.021013733,0.09452204,1134,
137_0,0.35025495,0.31946406,1491,5,2,0.27439004,0.24045986,941,1_000025582eae3c7c1fb2,0.33525634,0.26688886,1320,0.282284,0.23947185,756,0.15773009,0.069794856,292,0.13907346,0.06562443,222,
142_0,0.22373596,0.3935302,3168,5,-1,0.15079647,0.32319438,2548,2_0000c9551ee911c6678d,0.16955787,0.42858598,3370,0.13946846,0.3500327,2551,0.043149214,0.15221484,297,0.03709187,0.15050706,298,
150_0,0.28554696,0.5600711,3071,5,-1,0.26994058,0.49180898,2735,2_00002b6cd6eabd9e799a,0.42363304,0.591796,4483,0.28824914,0.52366906,2938,0.12937295,0.2731436,1216,0.09959401,0.27070028,963,
234_0,0.22533602,0.20992413,1520,5,8,0.16353014,0.14457282,942,1_00003d50999ea5f79022,0.18716422,0.15970781,909,0.1554237,0.13375327,750,0.087099954,0.054777443,319,0.076023325,0.050352734,248,
257_0,0.2429513,0.2654233,1951,5,0,0.17204839,0.19927278,1332,1_00006af112204c5cdb10,0.21962798,0.23287067,1539,0.1690941,0.19456908,1215,0.07502335,0.07675249,770,0.06701568,0.06129746,654,
259_0,0.32061797,0.31843328,2124,5,0,0.26417553,0.2596743,1594,1_0000438ef047ef07d59e,0.37340644,0.34284773,2041,0.2906086,0.27863845,1551,0.120192856,0.10728923,927,0.10853119,0.091012925,771,
272_0,0.34885186,0.31692308,1495,5,2,0.27009156,0.23682946,930,1_000025582eae3c7c1fb2,0.33091933,0.26813075,1253,0.27615187,0.23340032,735,0.15700632,0.06954608,272,0.13939369,0.06550397,209,
318_0,0.25532684,0.53719366,2933,5,-1,0.22433469,0.47774917,2615,2_000020324a08238601dd,0.36721846,0.58360106,4117,0.24143001,0.5110396,2790,0.10918944,0.28684664,1154,0.08426337,0.28151447,935,
322_0,0.18682954,0.33179778,7580,5,-1,0.11362091,0.27251616,6967,2_00005c27a53c6ff8a5b9,0.10506281,0.44117755,8519,0.09638217,0.29790124,7833,0.022958066,0.11587536,1028,0.021238081,0.092282176,1218,
336_0,0.32249492,0.54422903,3448,5,-1,0.2967968,0.48838907,3159,2_0000f6e5bafcd580d50b,0.42639035,0.60571444,4835,0.33479252,0.52633846,3530,0.11922605,0.29598197,1335,0.09578892,0.2832779,1081,
350_0,0.21968848,0.4050998,7367,5,-1,0.14520854,0.33543634,6777,2_0000a377aafb05cdaa94,0.18758589,0.4802125,8127,0.1368748,0.36747304,7572,0.045619983,0.16710427,704,0.035300065,0.16044813,894,
373_0,0.15991986,0.38697764,1883,5,-1,0.08914313,0.31278902,1163,2_000020067735e9ca6727,0.0455452,0.37863505,1016,0.062963486,0.32898945,920,0.009162264,0.15717486,230,0.0062816753,0.16172025,155,
407_0,0.28438908,0.30394885,1957,5,0,0.22678046,0.24757907,1414,1_000050bae147b6149018,0.3360891,0.34165314,1833,0.24318454,0.2654233,1371,0.09741374,0.106467955,957,0.08411945,0.0902663,822,
414_0,0.33299807,0.39863658,7524,5,-1,0.26631656,0.33748686,7025,2_00002fc775c0333f2be9,0.36513102,0.47541657,8652,0.2859246,0.36945552,7910,0.06412409,0.1076892,843,0.05620016,0.1035749,1019,
425_0,0.29873902,0.34913138,4132,5,-1,0.25078225,0.28781024,3736,2_0000d52174b2fc6d61e9,0.38636434,0.39111567,5269,0.2782299,0.3160506,4131,0.12520583,0.14423919,926,0.11469452,0.13467622,881,
432_0,0.28516653,0.2856567,2175,5,0,0.21877278,0.22264197,1632,1_000050bae147b6149018,0.30110413,0.2896884,2100,0.23634303,0.2345879,1639,0.101145476,0.10086831,1026,0.08979479,0.0849653,899,
442_0,0.21377775,0.20359427,1472,5,8,0.1551516,0.14264259,909,1_00003d50999ea5f79022,0.19336522,0.1764451,1089,0.14610296,0.13175315,713,0.088888794,0.0585474,256,0.07740827,0.052904986,194,
469_0,0.17049888,0.6609793,2115,5,6,0.12787315,0.58977485,1662,1_0000271e2999ef726d68,0.23874971,0.7046521,2617,0.118494794,0.63245827,1584,0.055354252,0.3012366,598,0.0392571,0.31231993,504,
470_0,0.21299401,0.20553616,1485,5,8,0.15343161,0.1431539,922,1_00003d50999ea5f79022,0.18699393,0.17054668,1155,0.14497828,0.1317882,729,0.08488351,0.055004958,255,0.074228555,0.0508834,193,
473_0,0.22304873,0.22995885,1827,5,0,0.15587755,0.16164315,1243,1_00006af112204c5cdb10,0.20174676,0.18964139,1448,0.14771438,0.15059318,1119,0.081553884,0.08235214,815,0.06989222,0.06756907,681,
492_0,0.283104,0.29782265,1677,5,1,0.2176997,0.22879335,1117,1_00000e13c64bbd61ca02,0.2742738,0.3004084,1573,0.21882144,0.23216891,970,0.10303777,0.11165224,397,0.09357932,0.09889669,295,
512_0,0.20558499,0.5593604,2673,5,-1,0.14883956,0.49830815,2162,2_00000a3df0ecf3e61fa2,0.17757072,0.6114274,2875,0.13880295,0.53690314,2159,0.0859729,0.31197158,911,0.06534822,0.30421868,753,
523_0,0.26845148,0.2720682,2284,5,0,0.19910344,0.20233391,1687,1_00006af112204c5cdb10,0.23820889,0.23115344,2111,0.19793728,0.19957143,1648,0.06748214,0.061820094,789,0.05846379,0.049575534,671,
548_0,0.14915125,0.3176369,1904,5,-1,0.093031794,0.25249782,1321,2_00004cffdff505f3c537,0.09859565,0.33690217,1889,0.07755191,0.26448846,1206,0.027256552,0.12598816,591,0.023329016,0.12165207,436,
569_0,0.5408184,0.4083122,1186,5,0,0.4686656,0.34118384,701,1_00001406e2c0b9274815,0.63739455,0.42384169,1243,0.51662755,0.36589277,519,0.22860864,0.08856183,327,0.20516595,0.08614681,226,
573_0,0.443969,0.49965864,7075,5,-1,0.38060495,0.4278769,6519,2_00000a62762bcbc1e75c,0.5627654,0.57479876,7777,0.43520176,0.4738006,7248,0.10243951,0.17844951,901,0.09993876,0.17893817,1063,
578_0,0.41130483,0.40219486,4084,5,-1,0.348904,0.33591923,3567,2_00007bbeafb1489e4d45,0.50424147,0.45095584,4514,0.39639097,0.37059736,3830,0.10930761,0.12728906,872,0.104031034,0.12351359,784,
620_0,0.1540233,0.71023405,8502,5,-1,0.109630615,0.644029,7762,2_00000b41fc994f1539a5,0.16306728,0.7825943,8835,0.10097267,0.69684887,8243,0.09082577,0.32645774,2588,0.06512764,0.3384763,2618,
647_0,0.3287599,0.4011085,7589,5,-1,0.25477052,0.33985215,7056,2_00002fc775c0333f2be9,0.35407805,0.47249508,8632,0.27200627,0.37199944,7920,0.06296645,0.10543074,816,0.055000685,0.10111377,993,
665_0,0.28512052,0.29854667,2614,5,1,0.22020084,0.23171952,1997,1_00000e13c64bbd61ca02,0.27842605,0.30149865,2812,0.22517532,0.23463407,1943,0.113327704,0.121397294,667,0.10154805,0.10625519,530,
686_0,0.33751202,0.3394584,2927,5,1,0.25838375,0.25200167,1939,1_00000e13c64bbd61ca02,0.28767163,0.26687512,1365,0.25934702,0.24781501,1632,0.09843719,0.09545563,155,0.09099786,0.08861695,147,
704_0,0.19560353,0.7106602,8392,5,-1,0.14850868,0.64546704,7612,2_00000b41fc994f1539a5,0.20067698,0.78140825,8602,0.14122938,0.69883305,8055,0.06645115,0.32607132,2709,0.051727116,0.33796722,2691,
742_0,0.21122922,0.19842236,1492,5,8,0.1525283,0.13677132,943,1_00003d50999ea5f79022,0.19869584,0.1633774,1308,0.14418861,0.12444664,759,0.0834149,0.04704925,266,0.0729543,0.042919192,203,
793_0,0.23463264,0.25056556,2035,5,0,0.1592983,0.18396707,1457,1_00006af112204c5cdb10,0.18565366,0.21144268,1929,0.14926927,0.17515697,1382,0.055587243,0.06323867,838,0.04952318,0.050770123,678,
798_0,0.39918566,0.27388683,1177,5,0,0.32311752,0.20447917,662,1_0000937454ee297968e2,0.44435066,0.26375863,663,0.33612663,0.20161575,467,0.21315876,0.078286745,160,0.18835813,0.07074724,121,
804_0,0.20632106,0.51420194,2782,5,-1,0.14490971,0.4543874,2218,2_00001dca2a881422a113,0.1521552,0.52795184,2749,0.12872423,0.48038906,2141,0.069883876,0.16949242,778,0.05545133,0.17468207,669,
818_0,0.26278996,0.23382524,1441,5,6,0.19727793,0.16818713,872,1_00000e0643e441a6d028,0.24595511,0.18568258,938,0.1967156,0.16047476,670,0.13891205,0.060598966,244,0.12065931,0.05582394,178,
856_0,0.29741699,0.41721147,5845,5,-1,0.22644885,0.344388,5313,2_0000a9568d93bd4b0129,0.34848684,0.4778639,6503,0.23995736,0.37711704,5834,0.10071324,0.17034084,1021,0.08638211,0.16275802,1027,
892_0,0.2881208,0.275428,1929,5,0,0.21861729,0.20927748,1335,1_00006af112204c5cdb10,0.27459326,0.25004292,1586,0.22507007,0.2127866,1237,0.08209809,0.086010575,907,0.07191357,0.0733927,764,
913_0,0.13488758,0.65345967,2793,5,-1,0.0895574,0.59212804,2321,2_00003f66da74e45f1d4b,0.16389447,0.73650575,3254,0.07714951,0.64161706,2307,0.08145091,0.3489375,920,0.054153547,0.3512349,784,
932_0,0.2097987,0.6661359,2293,5,4,0.17166093,0.5959799,1858,1_0000179c9b20e0fed888,0.29509965,0.71361506,2966,0.1744403,0.6391227,1834,0.07261804,0.30623397,903,0.057943888,0.3160053,724,
1053_0,0.21480782,0.22816697,1717,5,0,0.15113513,0.16216578,1134,1_00006af112204c5cdb10,0.19467202,0.20196061,1311,0.14390491,0.15440093,1004,0.078288615,0.08474132,806,0.06499432,0.06697177,682,
1064_0,0.24545568,0.5350122,2916,5,-1,0.21507013,0.47282267,2560,2_000020324a08238601dd,0.32061994,0.5766014,3839,0.23409557,0.50519586,2726,0.12027383,0.28206325,1052,0.09374851,0.27782893,890,
1079_0,0.47720295,0.36491865,1173,5,0,0.38833785,0.28145194,672,1_0000937454ee297968e2,0.5029217,0.32218668,939,0.4075598,0.2869814,481,0.2157402,0.08354932,224,0.19461873,0.07653263,161,
1082_0,0.21419644,0.20744877,1485,5,8,0.15313545,0.14570406,922,1_00003d50999ea5f79022,0.18822339,0.18088974,1155,0.14535515,0.13499115,729,0.08380362,0.056977037,255,0.07217353,0.05186317,193,
1121_0,0.21356654,0.57080644,3321,5,-1,0.15162931,0.5102428,2770,2_00005036522f30c9cf9c,0.1607446,0.5990552,3496,0.13976775,0.54437673,2791,0.06754662,0.20416133,710,0.051419567,0.21122351,664,
1122_0,0.28471977,0.55885917,3257,5,-1,0.24915048,0.49815387,2890,2_0000f6e5bafcd580d50b,0.34273356,0.6067477,4045,0.2685068,0.5345413,3118,0.10604611,0.30131727,1019,0.08426337,0.28955427,866,
1147_0,0.2687307,0.28351307,1559,5,1,0.20064609,0.2096869,986,1_00000e13c64bbd61ca02,0.23035233,0.24534395,1081,0.19649717,0.20658174,807,0.08774929,0.087700665,295,0.07885911,0.081451304,223,
1158_0,0.2207536,0.51174086,3107,5,-1,0.1627897,0.4518193,2554,2_00001dca2a881422a113,0.17804028,0.5253837,3247,0.15069441,0.4778745,2515,0.08770543,0.16606833,813,0.0712278,0.17297001,707,
1173_0,0.14764377,0.3205786,1747,5,-1,0.08579903,0.25044844,1104,2_00004cffdff505f3c537,0.06389086,0.30598208,1163,0.06639458,0.25867274,908,0.01648498,0.11148578,408,0.014319262,0.11119709,296,
1224_0,0.29340875,0.29169673,1627,5,1,0.21630219,0.21659039,1055,1_00000e13c64bbd61ca02,0.24569449,0.2466685,1275,0.21409464,0.21231234,891,0.09318136,0.08550594,302,0.083758816,0.07952001,237,
1308_0,0.23291934,0.21543437,1584,5,8,0.16958489,0.15522921,1032,1_00003d50999ea5f79022,0.21563211,0.19832596,1463,0.16450267,0.14573509,861,0.09415648,0.061653696,298,0.08293918,0.055081427,232,
1339_0,0.28174576,0.28752324,1895,5,0,0.20431232,0.21614638,1295,1_00006af112204c5cdb10,0.23758693,0.24018754,1503,0.2037681,0.21345855,1191,0.06701568,0.064507924,866,0.05955221,0.054577883,722,
1348_0,0.23821665,0.3157056,3392,5,-1,0.1839249,0.25209564,2871,2_0000d52174b2fc6d61e9,0.25961024,0.322368,3841,0.19641647,0.26636764,3044,0.12842146,0.12615393,920,0.11461085,0.11955195,889,
1368_0,0.41790095,0.51907057,4408,5,-1,0.3928339,0.4583465,4150,2_00001dca2a881422a113,0.6065757,0.53314143,6173,0.45792642,0.4855787,4602,0.13509326,0.17115097,941,0.117856,0.1764476,947,
1369_0,0.32700697,0.32394695,1539,5,5,0.25659227,0.2511099,990,1_000097b320ca42a494fb,0.32646832,0.30602002,1407,0.26245528,0.25399274,815,0.14866963,0.074232705,329,0.1296002,0.06925395,247,
1429_0,0.2856166,0.3010233,1580,5,1,0.20944963,0.22442457,997,1_00000e13c64bbd61ca02,0.23151626,0.25151223,949,0.20466357,0.21898067,818,0.08195813,0.08897618,351,0.07372914,0.083081596,274,
1432_0,0.32680076,0.33775613,2162,5,1,0.24787611,0.2551445,1371,1_00000e13c64bbd61ca02,0.2762692,0.28580412,1111,0.2474363,0.2528441,1112,0.09074353,0.09788104,241,0.084312275,0.090592846,199,
1457_0,0.343151,0.30131024,1467,5,2,0.26826423,0.2251591,906,1_000025582eae3c7c1fb2,0.3322147,0.26498452,1127,0.2727093,0.22164708,713,0.1638115,0.07396014,300,0.14425156,0.06759628,225,
1483_0,0.31367153,0.5093744,4027,5,-1,0.30153936,0.4532462,3828,2_000045f6d50aecdbf160,0.50056195,0.5565781,5888,0.3458769,0.48472238,4234,0.15760781,0.2613526,1033,0.124685526,0.25735232,947,
1524_0,0.15975851,0.66007984,2933,5,-1,0.11531068,0.5994101,2470,2_00003f66da74e45f1d4b,0.17249727,0.74358714,3426,0.10152413,0.6500122,2476,0.048583783,0.35167277,850,0.03645162,0.35492027,753,
1530_0,0.20839047,0.36704773,2870,5,-1,0.13861884,0.2971519,2207,2_00001c2ab2e54b7b861c,0.15127182,0.38367426,2859,0.12587294,0.31583607,2173,0.0359731,0.14312579,545,0.030478105,0.13954958,439,
1532_0,0.25664005,0.2118327,1645,5,6,0.19352995,0.15556002,1124,1_00000e0643e441a6d028,0.26073754,0.23212835,1844,0.19315307,0.14937443,996,0.137844,0.08333936,463,0.11775762,0.07010031,336,
1586_0,0.19582412,0.50139976,3256,5,-1,0.1547402,0.44054145,2812,2_00002faeb84684f9a919,0.27297363,0.54300624,4186,0.15446447,0.47030264,2918,0.078197286,0.26821017,796,0.056249104,0.25410646,723,
1590_0,0.33792514,0.39702561,7385,5,-1,0.26422894,0.3321765,6815,2_00002fc775c0333f2be9,0.35826883,0.45731753,8295,0.2812763,0.3649318,7633,0.06064821,0.09754135,854,0.05522503,0.094048634,1017,
1621_0,0.5119176,0.5367285,7167,5,-1,0.4645215,0.4862414,6493,2_0000fc42140f512c5443,0.61927336,0.6462904,8000,0.53338873,0.55307275,7232,0.13055526,0.094256446,883,0.117061004,0.0800591,895,
1722_0,0.23200001,0.5753506,2874,5,-1,0.20916949,0.5125847,2568,2_0000cc337c6d19e59ee9,0.3581745,0.62229013,4337,0.229353,0.54940426,2720,0.117130496,0.2925997,1292,0.09082577,0.28978816,1039,
1733_0,0.2121645,0.23443857,2082,5,0,0.14989123,0.16970664,1514,1_0000fee52e920116851d,0.17562462,0.19524103,1875,0.14188355,0.16395767,1442,0.10495495,0.09840446,949,0.08715148,0.082800105,801,
1744_0,0.51543957,0.5298722,7284,5,-1,0.45871887,0.45843166,6716,2_00000a62762bcbc1e75c,0.6605615,0.6096926,8038,0.53051555,0.51307577,7498,0.10757245,0.17416269,760,0.10921766,0.17759766,973,
1752_0,0.28104606,0.28379014,1997,5,0,0.22514783,0.22779365,1442,1_000050bae147b6149018,0.32263932,0.30335155,1811,0.24473941,0.24168077,1400,0.12462429,0.1173686,971,0.10557691,0.09661257,841,
1799_0,0.26288188,0.5087369,2928,5,-1,0.21843405,0.4494244,2459,2_00002faeb84684f9a919,0.32960877,0.555595,3475,0.22576849,0.48094004,2486,0.0822781,0.26553676,855,0.06452103,0.25162765,743,
1813_0,0.23017278,0.21749973,1554,5,8,0.16725111,0.15319979,968,1_00003d50999ea5f79022,0.20153126,0.18028706,1049,0.16041003,0.14377385,771,0.09363598,0.061068006,268,0.08186224,0.055122435,205,
1857_0,0.41245806,0.36333668,1541,5,2,0.32887876,0.28486997,1007,1_000025582eae3c7c1fb2,0.3996855,0.33201474,1591,0.34171426,0.29046735,851,0.17152886,0.072922364,298,0.15260307,0.068450496,237,
1861_0,0.24185097,0.40391085,3463,5,-1,0.17484333,0.3386891,2910,2_0000c9551ee911c6678d,0.20865074,0.45724726,3952,0.17147812,0.370494,3038,0.05609243,0.16732824,411,0.04969412,0.16531837,426,
1873_0,0.2967499,0.30452937,1606,5,1,0.22463927,0.23024286,1042,1_00000e13c64bbd61ca02,0.26050204,0.27962372,1298,0.22125927,0.22869381,878,0.093016975,0.09653861,321,0.0829214,0.08827171,249,
1883_0,0.57843935,0.43993473,1275,5,0,0.5034537,0.37933463,797,1_00001406e2c0b9274815,0.68487227,0.47817847,1482,0.56162524,0.4143571,648,0.22635037,0.09281019,574,0.2054114,0.09016637,390,
1930_0,0.24072629,0.21781373,1531,5,8,0.17811891,0.15561311,981,1_00003d50999ea5f79022,0.23230922,0.20295355,1382,0.17558521,0.14894208,820,0.105753615,0.06949442,392,0.092373565,0.06088592,292,
1953_0,0.15101784,0.31951723,1903,5,-1,0.09134771,0.25139546,1296,2_00004cffdff505f3c537,0.085616514,0.32455096,1689,0.075266615,0.2627913,1156,0.023400836,0.118700415,524,0.020711645,0.1163534,387,
1967_0,0.3218285,0.29274422,1474,5,6,0.24868578,0.21721256,916,1_00000e0643e441a6d028,0.30860764,0.24417177,1167,0.25132722,0.21017128,716,0.14869368,0.06676099,265,0.12985453,0.062222198,198,
1985_0,0.23660144,0.2291723,1842,5,6,0.17785868,0.16489018,1323,1_00000e0643e441a6d028,0.2420905,0.22490132,2264,0.17345245,0.15711723,1222,0.11575368,0.054207392,409,0.10020198,0.049219087,339,
2002_0,0.13505301,0.6429067,2704,5,-1,0.09336249,0.5845777,2238,2_00003f66da74e45f1d4b,0.17387593,0.7267635,3218,0.0788039,0.6335139,2211,0.07185548,0.34245336,813,0.048473492,0.34553242,688,
2022_0,0.23503305,0.5778817,2883,5,-1,0.21132019,0.51653,2600,2_0000cc337c6d19e59ee9,0.37604186,0.6249817,4425,0.22499645,0.55205286,2778,0.122148804,0.2946152,1323,0.09369337,0.29175767,1068,
2023_0,0.15678199,0.3820894,1750,5,-1,0.08603819,0.30764207,1032,2_000020067735e9ca6727,0.03967333,0.36361068,697,0.060537517,0.32269976,765,0.007962789,0.1573903,191,0.0063564572,0.16146618,123,
2039_0,0.24747849,0.26643074,1535,5,1,0.17881379,0.19558957,951,1_00000e13c64bbd61ca02,0.20273182,0.22128528,972,0.17175132,0.18885678,756,0.07694477,0.084273584,258,0.06930811,0.077445745,187,
2049_0,0.37743744,0.36283195,1669,5,2,0.30365163,0.29615182,1143,1_000025582eae3c7c1fb2,0.3937192,0.390065,1968,0.31740266,0.3104484,1004,0.17478076,0.085200116,378,0.155119,0.07924159,294,
2055_0,0.19286877,0.35403705,4536,5,-1,0.11913664,0.28084838,3897,2_0000a377aafb05cdaa94,0.118759766,0.37019622,4934,0.103845194,0.29981428,4201,0.033651896,0.13953358,777,0.026885604,0.13621932,761,
2076_0,0.26417553,0.2819236,1927,5,0,0.19000734,0.21174133,1318,1_00006af112204c5cdb10,0.2114648,0.2302575,1516,0.18347682,0.20621634,1211,0.061418075,0.0665238,844,0.053099424,0.054876532,711,
2091_0,0.21555321,0.5793666,3349,5,-1,0.15449245,0.5171445,2765,2_00005036522f30c9cf9c,0.1627897,0.6092739,3375,0.14222187,0.5521879,2739,0.08162857,0.20924397,584,0.064625055,0.2144871,589,
2106_0,0.15935752,0.37675455,1870,5,-1,0.08820687,0.29534912,1149,2_000020067735e9ca6727,0.043894075,0.3553543,962,0.062478885,0.31026193,895,0.007852098,0.14252408,224,0.006506021,0.1470287,143,
2110_0,0.33751202,0.3394584,2927,5,1,0.25838375,0.25200167,1939,1_00000e13c64bbd61ca02,0.28767163,0.26687512,1365,0.25934702,0.24781501,1632,0.09843719,0.09545563,155,0.09099786,0.08861695,147,
2125_0,0.32911244,0.52896196,3956,5,-1,0.32310152,0.47297758,3764,2_000045f6d50aecdbf160,0.5298997,0.5854258,5925,0.37311912,0.507753,4185,0.15953791,0.2834422,1149,0.13036558,0.27238747,1046,
2148_0,0.17613693,0.5454081,2152,5,-1,0.12804945,0.480326,1721,2_00002b6cd6eabd9e799a,0.22554791,0.574204,2938,0.117240794,0.50996786,1665,0.06705776,0.26601264,722,0.045826472,0.26290894,565,
2165_0,0.3828355,0.34170145,1433,5,2,0.30077553,0.2517925,880,1_000025582eae3c7c1fb2,0.35521984,0.26345026,1192,0.30732933,0.24642651,687,0.16251318,0.06250601,237,0.14415568,0.059874088,180,
2173_0,0.28566402,0.29929337,1529,5,1,0.2125842,0.22122562,945,1_00000e13c64bbd61ca02,0.23312259,0.24476595,877,0.20655683,0.21584757,753,0.086289555,0.08998953,297,0.0780665,0.082769945,228,
2176_0,0.24877277,0.21025342,1532,5,6,0.18550421,0.14862618,976,1_00000e0643e441a6d028,0.24145597,0.18854736,1314,0.18363762,0.13901287,791,0.12223861,0.058332197,254,0.10657326,0.052473515,197,
2220_0,0.25019068,0.40120074,3636,5,-1,0.18624315,0.3371559,3099,2_0000c9551ee911c6678d,0.24582368,0.46693408,4351,0.18847772,0.37010014,3266,0.061742917,0.16604978,400,0.054408353,0.16241133,399,
2239_0,0.39415163,0.35593596,1496,5,2,0.30923516,0.26901072,938,1_000025582eae3c7c1fb2,0.367577,0.2967466,1259,0.31657267,0.26769385,755,0.16401178,0.066998474,248,0.14553766,0.06350595,197,
2243_0,0.3821665,0.3652812,1579,5,2,0.30580184,0.29370812,1054,1_000025582eae3c7c1fb2,0.39255786,0.37232822,1775,0.3184311,0.30625743,905,0.17450237,0.081315026,346,0.15453853,0.07684719,269,
2249_0,0.36603504,0.41652808,2037,5,1,0.29068473,0.3439455,1420,1_0000179f34e53a2ffd03,0.3444919,0.4231351,1640,0.3060539,0.36900693,1297,0.1275363,0.13485329,799,0.11766506,0.12847391,645,
2289_0,0.37600923,0.36895806,1569,5,2,0.3039523,0.2950486,1038,1_000025582eae3c7c1fb2,0.38044208,0.36176568,1712,0.31521738,0.30849522,884,0.16892962,0.07703543,319,0.15163684,0.07398053,254,
2292_0,0.25515717,0.2708736,2101,5,0,0.18246613,0.20061669,1491,1_00006af112204c5cdb10,0.21939474,0.24728042,1792,0.1774905,0.19807819,1402,0.06204003,0.07130217,784,0.05286619,0.05823632,653,
2385_0,0.35113716,0.3630998,1586,5,5,0.28053403,0.2900116,1075,1_000097b320ca42a494fb,0.36522615,0.3569581,1997,0.291497,0.30149975,928,0.14997979,0.07532905,356,0.13307312,0.07168782,280,
2434_0,0.16311538,0.6591586,2082,5,6,0.12165466,0.5881723,1648,1_0000271e2999ef726d68,0.22989863,0.7035614,2718,0.11251167,0.6306081,1591,0.07601093,0.30097997,756,0.05496987,0.31142235,599,
2437_0,0.24253294,0.5325269,3421,5,-1,0.21043785,0.47621626,3109,2_000045f6d50aecdbf160,0.35773334,0.59054744,4915,0.23001476,0.5126014,3290,0.122148804,0.29791325,938,0.094686,0.29283923,798,
2480_0,0.35995513,0.4690801,7010,5,-1,0.30759218,0.39374933,6561,2_00000a62762bcbc1e75c,0.4835754,0.53399956,7993,0.34923986,0.43709466,7352,0.10835582,0.18448368,1040,0.09991138,0.18214136,1197,
2481_0,0.21994577,0.21797279,1553,5,8,0.16031155,0.15599756,1019,1_00003d50999ea5f79022,0.21580277,0.20706269,1645,0.15347049,0.14850673,854,0.08835939,0.054687347,284,0.07684296,0.050158754,218,
2499_0,0.3864683,0.38086066,1655,5,2,0.31247002,0.31338236,1131,1_000025582eae3c7c1fb2,0.4038629,0.40584776,1965,0.32729203,0.33204377,991,0.1752772,0.08396882,377,0.15624963,0.07957533,293,
2530_0,0.15170716,0.6375919,2679,5,-1,0.110237226,0.5724926,2207,2_00003f66da74e45f1d4b,0.20012552,0.7214831,3301,0.09915284,0.62104994,2221,0.07648776,0.3419677,956,0.052995477,0.34565508,796,
2554_0,0.35587543,0.3183868,1510,5,2,0.27581978,0.23481831,942,1_000025582eae3c7c1fb2,0.3295192,0.2487008,1200,0.27825466,0.22720537,749,0.15189117,0.06226702,259,0.13394645,0.058526367,200,
2571_0,0.4130759,0.40019882,1623,5,2,0.33461437,0.33030656,1101,1_000025582eae3c7c1fb2,0.41779605,0.41554347,1968,0.35004056,0.34911367,952,0.17498401,0.083523944,394,0.15647396,0.07965562,303,
2598_0,0.26790726,0.2775185,1777,5,0,0.20291293,0.21293592,1203,1_00006af112204c5cdb10,0.2695399,0.26348206,1457,0.20617819,0.21308525,1083,0.07479012,0.06846501,823,0.06538304,0.058012333,681,
2629_0,0.19692704,0.6334202,3800,5,-1,0.16163348,0.5675998,3356,2_0000f6385c405fe3ab4d,0.29409462,0.68664455,4540,0.16532826,0.6090905,3499,0.097884476,0.29795548,1153,0.07058711,0.3039447,1041,
2641_0,0.32337523,0.29894596,1492,5,5,0.24973011,0.22276422,949,1_000097b320ca42a494fb,0.31480566,0.25576735,1392,0.2519377,0.21840522,770,0.14944741,0.066810265,329,0.13037801,0.062593326,244,
2668_0,0.35675246,0.3268321,1440,5,2,0.27793515,0.24579206,887,1_000025582eae3c7c1fb2,0.34014788,0.2714507,1130,0.28562883,0.24292141,692,0.15273488,0.063844144,233,0.13606144,0.06003148,179,
2715_0,0.12575132,0.66106457,2066,5,6,0.08228034,0.5899056,1621,1_0000271e2999ef726d68,0.17980471,0.7063911,2608,0.06507006,0.6330585,1544,0.055004016,0.30145603,628,0.037537362,0.31129885,520,
2728_0,0.2233739,0.2135177,1576,5,8,0.16489139,0.15331998,1048,1_00003d50999ea5f79022,0.22238064,0.2137078,1718,0.1589477,0.14485045,894,0.09319024,0.056644544,278,0.08234092,0.051479056,223,
2767_0,0.68171847,0.572144,6397,5,-1,0.65472317,0.5116874,6027,2_0000ef318b2bea6e4311,0.8016196,0.5965941,7391,0.7368192,0.54432327,6678,0.10196268,0.18238626,676,0.11183757,0.18923444,816,
2825_0,0.23224594,0.20066896,1436,5,8,0.1696893,0.13708834,865,1_00003d50999ea5f79022,0.20814207,0.15242642,967,0.16345239,0.12541372,658,0.10683648,0.050733637,199,0.09378554,0.046639267,151,
2831_0,0.45235673,0.4658111,6794,5,-1,0.40781903,0.4083292,6111,2_0000fc42140f512c5443,0.5640333,0.575373,7629,0.45927003,0.46740398,6784,0.13806684,0.11295537,929,0.11672863,0.0871924,896,
2850_0,0.21694857,0.2077355,1548,5,8,0.1589266,0.14674918,1009,1_00003d50999ea5f79022,0.2121355,0.1933777,1584,0.15058693,0.13583913,844,0.088775136,0.049189366,266,0.07811722,0.0456038,214,
2851_0,0.26751417,0.5805801,2992,5,-1,0.24032709,0.5171122,2657,2_00005dba9bf3749b9b3e,0.40234658,0.6231486,4172,0.26370907,0.5529418,2860,0.13792062,0.31558648,1188,0.10725933,0.30518758,960,
2890_0,0.2951178,0.29610935,2140,5,0,0.24248484,0.2361558,1603,1_000050bae147b6149018,0.34619588,0.3232863,2206,0.26137674,0.2514615,1602,0.106043376,0.10191357,918,0.09321555,0.08593591,791,
2892_0,0.16185406,0.515368,2070,5,-1,0.0997043,0.45767385,1499,2_00002faeb84684f9a919,0.068656996,0.56736314,1703,0.075605415,0.4924416,1349,0.029558348,0.29622692,589,0.020790102,0.2784703,467,
2914_0,0.3789953,0.4307934,2037,5,1,0.30115017,0.35511345,1420,1_0000179f34e53a2ffd03,0.3550321,0.43847263,1640,0.316603,0.38149476,1297,0.12650119,0.13444859,799,0.117078654,0.12762925,645,
2917_0,0.3114605,0.2752607,1473,5,6,0.2359995,0.19841805,919,1_00000e0643e441a6d028,0.274868,0.2145097,1190,0.23468636,0.18989693,728,0.14221135,0.06281366,309,0.12534651,0.058465004,228,
2932_0,0.34031782,0.35502493,2989,5,1,0.26191962,0.27009094,2032,1_00000e13c64bbd61ca02,0.2983747,0.3000508,1549,0.2672291,0.27072835,1762,0.101835325,0.101715386,183,0.09462331,0.09398149,179,
2975_0,0.3946784,0.498015,6374,5,-1,0.34140104,0.43030596,5719,2_00000a62762bcbc1e75c,0.5191494,0.57392865,6756,0.38458323,0.47676438,6309,0.10575102,0.18430355,804,0.09865561,0.1854274,933,
2985_0,0.24341528,0.5367292,3191,5,-1,0.20001522,0.47860333,2860,2_0000f6e5bafcd580d50b,0.27865368,0.5895257,4435,0.20939007,0.51358277,3132,0.12496126,0.28971896,1555,0.09479629,0.27789932,1199,
3005_0,0.40038925,0.29861116,1199,5,0,0.3249253,0.22891863,695,1_00001406e2c0b9274815,0.48272687,0.2898929,924,0.3471748,0.22873619,517,0.22090313,0.08488533,324,0.19364953,0.076633945,220,
3013_0,0.25733402,0.24414462,2049,5,0,0.18713081,0.17336507,1433,1_00006af112204c5cdb10,0.24971506,0.2041258,1782,0.18705305,0.16336037,1335,0.078599595,0.06958494,690,0.06569402,0.055025857,552,
3014_0,0.21225768,0.5350212,3421,5,-1,0.17431709,0.47758263,3109,2_000045f6d50aecdbf160,0.31124508,0.5946007,4915,0.1860081,0.5159375,3290,0.10058664,0.29772562,938,0.07599144,0.2924177,798,
3038_0,0.42786837,0.2974211,1228,5,0,0.37150937,0.23456319,738,1_00001406e2c0b9274815,0.54910815,0.331487,1179,0.40342313,0.24125531,576,0.22148693,0.104505196,410,0.1947805,0.08869585,285,
3057_0,0.34568435,0.30828738,1491,5,2,0.2713151,0.23061773,941,1_000025582eae3c7c1fb2,0.32945666,0.25742525,1320,0.27808732,0.22946337,756,0.15843311,0.067956604,292,0.14041065,0.064342566,222,
3061_0,0.30006105,0.3721247,6907,5,-1,0.22752246,0.30710924,6320,2_00002fc775c0333f2be9,0.31382352,0.43034872,7589,0.2347641,0.33483332,7036,0.061099865,0.09901228,801,0.052652456,0.09437006,956,
3098_0,0.22024992,0.21913286,1757,5,0,0.15284552,0.1507425,1112,1_00006af112204c5cdb10,0.1899296,0.1609712,1021,0.14771438,0.13819928,933,0.104177505,0.094148725,584,0.08722922,0.075856544,485,
3119_0,0.24450618,0.24265139,2015,5,0,0.17811245,0.17343974,1436,1_00006af112204c5cdb10,0.22507007,0.19830218,1728,0.17578012,0.16798942,1351,0.08691825,0.0871305,958,0.07626726,0.07287007,802,
3127_0,0.20326641,0.4267313,7899,5,-1,0.13324046,0.35162848,7362,2_0000a377aafb05cdaa94,0.1806134,0.5065149,8876,0.12508626,0.38751566,8242,0.050444905,0.20057859,750,0.03717258,0.19343895,960,
3144_0,0.1974785,0.51674044,2549,5,-1,0.16008937,0.46062332,2191,2_000020324a08238601dd,0.29889235,0.5588795,3724,0.16736868,0.48960853,2262,0.08850963,0.26710504,976,0.06474162,0.2640174,780,
3145_0,0.23429684,0.2690867,1544,5,1,0.16829358,0.19871987,979,1_00000e13c64bbd61ca02,0.19283986,0.22570086,1020,0.16222438,0.19434306,799,0.07844337,0.08889862,329,0.07032508,0.082453385,254,
3182_0,0.16201949,0.6233177,3855,5,-1,0.12314143,0.56013906,3379,2_0000f6385c405fe3ab4d,0.24231236,0.67632985,4576,0.11172617,0.6011851,3460,0.06942904,0.29641625,978,0.049576413,0.30099124,920,
3205_0,0.19696696,0.36509702,7143,5,-1,0.12151189,0.30260494,6540,2_00005c27a53c6ff8a5b9,0.109244674,0.46712166,8172,0.10446159,0.33553088,7362,0.02239572,0.112366244,1054,0.021013733,0.09175955,1184,
3222_0,0.21327439,0.574177,3308,5,-1,0.14929207,0.51473695,2728,2_00005036522f30c9cf9c,0.16162108,0.6045658,3445,0.1355607,0.5477473,2667,0.076837204,0.2068364,623,0.05568506,0.21175854,569,
3266_0,0.34201115,0.40571404,7579,5,-1,0.27138102,0.343664,7068,2_00002fc775c0333f2be9,0.3733659,0.47575757,8709,0.29320252,0.37811732,7985,0.06483304,0.10923472,819,0.056795456,0.1062268,1013,
3273_0,0.24466167,0.24802704,2123,5,0,0.17655756,0.17806879,1494,1_00006af112204c5cdb10,0.22716919,0.20345385,1798,0.1718929,0.16776542,1399,0.07650049,0.06256671,715,0.06305071,0.049799517,591,
3278_0,0.24808243,0.25922635,2007,5,0,0.17461395,0.19277719,1404,1_00006af112204c5cdb10,0.20718886,0.23264667,1703,0.16730598,0.18859611,1284,0.06273973,0.08138153,820,0.055120777,0.06951028,674,
3325_0,0.2351985,0.5348201,2964,5,-1,0.19179843,0.4745608,2580,2_0000f6e5bafcd580d50b,0.26508772,0.58084613,3823,0.19990493,0.50719666,2764,0.10262705,0.28633353,1249,0.07930021,0.27576137,985,
3329_0,0.20754811,0.5109919,3004,5,-1,0.14613678,0.45021427,2442,2_00001dca2a881422a113,0.1469548,0.52442074,3106,0.12901638,0.47605544,2396,0.076545045,0.16569382,825,0.059892114,0.17104396,710,
3414_0,0.38581607,0.40853697,6769,5,-1,0.34433618,0.36559868,6089,2_0000fc42140f512c5443,0.50074995,0.5256477,7634,0.39857912,0.4162243,6774,0.14471425,0.12646015,931,0.1152662,0.09252506,899,
3420_0,0.25063342,0.21313262,1564,5,6,0.18957835,0.15434548,1050,1_00000e0643e441a6d028,0.2570495,0.22625607,1755,0.1891715,0.14805496,896,0.13061716,0.072687,361,0.113450244,0.06409549,269,
3434_0,0.21474102,0.3034432,2352,5,-1,0.14631842,0.2365177,1718,2_000036f922d6905a4ed3,0.16741881,0.2858539,2034,0.13618696,0.24323237,1624,0.07778514,0.118486196,740,0.06506627,0.110644825,600,
3442_0,0.22468702,0.20229384,1580,5,8,0.16673096,0.14410113,1063,1_00003d50999ea5f79022,0.23396297,0.21252596,1883,0.15977326,0.13414027,917,0.099433064,0.055374123,311,0.08765045,0.049311712,251,
3486_0,0.2349779,0.6296005,4284,5,-1,0.20503353,0.5656024,3921,2_0000f6385c405fe3ab4d,0.3370535,0.68445224,5396,0.21440838,0.60830975,4147,0.10163442,0.29987296,1133,0.078142144,0.30333465,1062,
3506_0,0.22437038,0.23212405,1875,5,0,0.15813214,0.16694415,1249,1_00006af112204c5cdb10,0.19661562,0.1909853,1300,0.15432265,0.15776072,1113,0.09935735,0.0936261,740,0.08396396,0.07533391,622,
3513_0,0.26409778,0.28782186,2131,5,0,0.19879247,0.22518048,1594,1_0000438ef047ef07d59e,0.2623874,0.2760253,2078,0.20680015,0.23130277,1594,0.1092309,0.08735449,1050,0.095625624,0.07615519,902,
3543_0,0.44251853,0.4574312,7212,5,-1,0.39611956,0.41463143,6548,2_0000fc42140f512c5443,0.55525875,0.5823678,8094,0.45262262,0.47834632,7282,0.14232118,0.12188931,909,0.11819106,0.09598783,908,
3547_0,0.35196012,0.2967801,1421,5,2,0.27307692,0.21366033,868,1_000025582eae3c7c1fb2,0.32455102,0.2354581,1102,0.276173,0.20472409,665,0.15611783,0.059082337,232,0.13778734,0.055215064,179,
3589_0,0.21425049,0.21140459,1502,5,8,0.15458035,0.14911944,948,1_00003d50999ea5f79022,0.20031697,0.18179025,1304,0.1462766,0.13876235,767,0.08451256,0.055483364,283,0.07370508,0.05018892,217,
3590_0,0.22438493,0.20389801,1470,5,8,0.16523236,0.14219981,912,1_00003d50999ea5f79022,0.21326056,0.17655422,1168,0.15693155,0.12987004,721,0.10151214,0.050496306,227,0.08809617,0.04591949,179,
3611_0,0.24720532,0.20688984,1474,5,6,0.18526469,0.14440031,903,1_00000e0643e441a6d028,0.23453715,0.17471968,1087,0.18133122,0.13430287,700,0.12474233,0.060477864,232,0.108849674,0.05434322,170,
3620_0,0.34317768,0.29319972,1414,5,2,0.2673846,0.22064073,860,1_000025582eae3c7c1fb2,0.32238233,0.2655959,1085,0.2693678,0.21689482,658,0.15924683,0.072487086,241,0.14055428,0.065797985,184,
3677_0,0.31025246,0.5485562,3342,5,-1,0.28278965,0.4919513,3018,2_0000f6e5bafcd580d50b,0.40791637,0.6060699,4480,0.3160428,0.5283759,3316,0.11668933,0.2978748,1193,0.09154267,0.28507856,975,
3702_0,0.28674757,0.4219315,6003,5,-1,0.21623406,0.34975344,5416,2_0000a9568d93bd4b0129,0.32412675,0.4747906,6509,0.22587502,0.38098627,5927,0.09339978,0.17557967,879,0.07900572,0.16935816,934,
3723_0,0.1870387,0.57599604,3262,5,-1,0.11546032,0.515593,2724,2_00005036522f30c9cf9c,0.096586995,0.60659885,3445,0.094016016,0.55015486,2746,0.042479575,0.20822744,829,0.030442717,0.21405908,735,
3812_0,0.2970194,0.4217074,5972,5,-1,0.22620377,0.35263684,5365,2_0000a9568d93bd4b0129,0.3456636,0.47794977,6462,0.240188,0.3847558,5898,0.10020198,0.17475346,888,0.08524557,0.16862905,937,
3818_0,0.35177314,0.39975482,2064,5,1,0.2754266,0.32953566,1443,1_0000179f34e53a2ffd03,0.32998455,0.41167986,1699,0.29083169,0.35477978,1316,0.12685697,0.14104314,737,0.115843266,0.13249071,595,
3828_0,0.36603504,0.41652808,2113,5,1,0.29068473,0.3439455,1467,1_0000179f34e53a2ffd03,0.3444919,0.4231351,1677,0.3060539,0.36900693,1339,0.1275363,0.13485329,809,0.11766506,0.12847391,652,
3829_0,0.26868472,0.27841446,1902,5,0,0.2004251,0.21368253,1313,1_00006af112204c5cdb10,0.24948183,0.26609525,1619,0.20135804,0.2156984,1202,0.08202035,0.0861599,841,0.071447104,0.0718248,693,
3859_0,0.24517995,0.60301876,3036,5,-1,0.21148562,0.5413956,2688,2_0000cc337c6d19e59ee9,0.33363444,0.6569964,4214,0.23133826,0.5807473,2821,0.12909722,0.31741264,1337,0.10466746,0.31506968,1091,
3865_0,0.38426262,0.34844,1475,5,2,0.30091065,0.26357204,925,1_000025582eae3c7c1fb2,0.3593902,0.28745827,1297,0.30842772,0.26032725,738,0.15824765,0.06220645,246,0.14059612,0.05804177,193,
3871_0,0.29799435,0.30514345,2219,5,0,0.23432167,0.24063551,1618,1_00006af112204c5cdb10,0.30172607,0.2867766,2058,0.24528363,0.24720576,1567,0.08606306,0.07600587,840,0.07502335,0.064507924,681,
3881_0,0.24450618,0.27609995,1818,5,0,0.17500268,0.20658965,1231,1_00006af112204c5cdb10,0.20990992,0.24354732,1441,0.17150417,0.2053204,1117,0.07696696,0.06906231,871,0.06569402,0.057937674,733,
3894_0,0.23582363,0.20098841,1626,5,6,0.17506471,0.14003845,1065,1_00000e0643e441a6d028,0.22684053,0.18461737,1469,0.1703116,0.12888834,905,0.11117087,0.05153619,274,0.096974134,0.04630145,220,
3896_0,0.26759627,0.28162494,1999,5,0,0.19700435,0.21308525,1436,1_00006af112204c5cdb10,0.23284452,0.24302469,1766,0.19863698,0.2133839,1361,0.07098064,0.068017036,1006,0.06468334,0.058833618,843,
3897_0,0.30628192,0.57651,3116,5,-1,0.2763927,0.5118116,2768,2_00005dba9bf3749b9b3e,0.40979132,0.61855984,4267,0.30666795,0.5479382,2976,0.107590206,0.3087615,1125,0.08492512,0.29808152,888,
3908_0,0.23155884,0.5932037,3066,5,-1,0.20519896,0.5283659,2741,2_0000cc337c6d19e59ee9,0.34295416,0.6412568,4447,0.2184892,0.5667899,2904,0.11834371,0.30722564,1170,0.09192869,0.30374742,970,
3931_0,0.16113716,0.5196924,2067,5,-1,0.10306822,0.4608557,1512,2_00002faeb84684f9a919,0.09689184,0.57275176,1804,0.08266413,0.49616787,1381,0.048969805,0.30024537,638,0.033749457,0.28131697,506,
3973_0,0.35177314,0.39975482,2064,5,1,0.2754266,0.32953566,1443,1_0000179f34e53a2ffd03,0.32998455,0.41167986,1699,0.29083169,0.35477978,1316,0.12685697,0.14104314,737,0.115843266,0.13249071,595,
4003_0,0.26207644,0.2600476,1823,5,0,0.19521622,0.19680893,1198,1_00006af112204c5cdb10,0.26627463,0.25190946,1232,0.2023687,0.19837683,1052,0.111640975,0.11288888,714,0.09375975,0.09250616,596,
4034_0,0.4090193,0.5803592,3376,5,-1,0.40339437,0.517944,3138,2_00000a3df0ecf3e61fa2,0.63462234,0.6353085,5059,0.48506588,0.5581672,3570,0.16339815,0.33058006,2275,0.13268173,0.3227839,1724,
4042_0,0.38419747,0.3517627,1549,5,2,0.3015185,0.26726714,1019,1_000025582eae3c7c1fb2,0.35749137,0.28964716,1651,0.3079257,0.2660858,858,0.15416166,0.06041854,360,0.13837968,0.057811044,274,
4045_0,0.2757665,0.42143846,5988,5,-1,0.20520815,0.35168922,5369,2_0000a9568d93bd4b0129,0.30681026,0.47606507,6437,0.2135778,0.38360104,5900,0.09620558,0.18466619,845,0.07956806,0.17728774,907,
4111_0,0.22201855,0.5805296,3150,5,-1,0.19053008,0.5174514,2869,2_0000cc337c6d19e59ee9,0.33600572,0.62771153,4674,0.20023581,0.5538443,3085,0.12804945,0.29801524,1284,0.0932522,0.29723427,1020,
4113_0,0.19280286,0.34434098,7061,5,-1,0.11966012,0.2820729,6477,2_00005c27a53c6ff8a5b9,0.10710266,0.4436414,8047,0.102274776,0.3107431,7276,0.023221286,0.1136355,1038,0.020828262,0.09049029,1160,
4136_0,0.27912834,0.41575164,6129,5,-1,0.20940447,0.34662437,5521,2_0000a9568d93bd4b0129,0.32174188,0.47410905,6619,0.21759754,0.3785763,6063,0.094760664,0.17329824,889,0.08033069,0.16610716,954,
4142_0,0.2000719,0.37114462,7207,5,-1,0.124697536,0.3076073,6616,2_00005c27a53c6ff8a5b9,0.11205937,0.47285122,8197,0.10741992,0.34262377,7425,0.022210248,0.113710165,1029,0.021689735,0.09280481,1166,
4147_0,0.26276958,0.28428215,1531,5,1,0.1915471,0.21122691,942,1_00000e13c64bbd61ca02,0.21874073,0.24633352,840,0.18676402,0.20677467,743,0.078939825,0.090546325,274,0.072122805,0.083321646,210,
4154_0,0.3450598,0.29932815,1624,5,2,0.2711959,0.22456169,1056,1_000025582eae3c7c1fb2,0.34178346,0.27704936,1479,0.27759123,0.22310461,885,0.16751468,0.07453522,308,0.14799954,0.0678869,250,
4195_0,0.1635636,0.534469,2079,5,-1,0.104557164,0.47728336,1533,2_00002faeb84684f9a919,0.10417114,0.5968312,1884,0.08652436,0.5158025,1416,0.056910858,0.32711124,683,0.039153785,0.3099028,528,
4219_0,0.27985245,0.38394386,5027,5,-1,0.22387664,0.32951486,4765,2_0000a174d3c4718f212c,0.3197024,0.48082215,6965,0.24496517,0.3703888,5448,0.06958021,0.13152224,887,0.06778249,0.12902248,894,
4233_0,0.3705824,0.5761105,3478,5,-1,0.36710817,0.51253325,3233,2_00005dba9bf3749b9b3e,0.6324716,0.61892223,5150,0.43333876,0.54864836,3621,0.16576944,0.31256554,1539,0.130145,0.3010174,1185,
4268_0,0.14346783,0.26207325,1710,5,-1,0.08622663,0.20064464,1130,2_000071cb95117aba0653,0.09702818,0.26568654,1471,0.068129376,0.20369534,982,0.020191133,0.09252112,381,0.016039249,0.08871718,282,
4287_0,0.24966127,0.20609683,1533,5,6,0.18759218,0.14571278,982,1_00000e0643e441a6d028,0.24420515,0.19334829,1418,0.18368539,0.13608311,796,0.12676144,0.061221812,286,0.11037826,0.05513263,210,
4304_0,0.35954902,0.31703246,1471,5,2,0.2811715,0.23509446,907,1_000025582eae3c7c1fb2,0.34219956,0.2570902,1164,0.28640628,0.23044315,719,0.15686269,0.06390472,261,0.1394296,0.059967134,198,
4307_0,0.30820635,0.34538603,4391,5,-1,0.2578092,0.27970776,3981,2_0000d52174b2fc6d61e9,0.3962781,0.3838283,5367,0.29229555,0.3082285,4422,0.13579193,0.13830507,813,0.12004291,0.12629032,840,
4335_0,0.32987237,0.32611084,1530,5,5,0.25969094,0.25405085,981,1_000097b320ca42a494fb,0.33190632,0.3124473,1388,0.26429448,0.25953248,809,0.14773633,0.07295824,310,0.13015959,0.0685875,237,
4336_0,0.22999655,0.2000314,1571,5,6,0.17009023,0.13934994,1025,1_00000e0643e441a6d028,0.22412765,0.17944977,1530,0.16359012,0.12776327,851,0.10668099,0.04889471,284,0.093818486,0.044813517,222,
4338_0,0.2997178,0.31277782,1598,5,1,0.22913247,0.2399773,1034,1_00000e13c64bbd61ca02,0.27348414,0.3025288,1333,0.2284624,0.24216764,861,0.09586166,0.10038292,287,0.08696556,0.092045054,223,
4355_0,0.504406,0.5152594,7123,5,-1,0.45980182,0.47890034,6445,2_0000fc42140f512c5443,0.6084381,0.63617915,7955,0.5322587,0.5455932,7174,0.12856103,0.09771921,903,0.11679511,0.08019762,914,
4380_0,0.33483502,0.30509102,1430,5,2,0.2610311,0.22654378,873,1_000025582eae3c7c1fb2,0.32458693,0.2584093,1079,0.26372325,0.22144741,668,0.16111046,0.06929859,248,0.14118549,0.064511664,186,
4473_0,0.19080484,0.2813048,2421,5,-1,0.12779951,0.21587446,1867,2_0000e2630f7ea48127d9,0.16242655,0.29075778,2626,0.118077844,0.22113454,1846,0.056373782,0.113938645,689,0.042470254,0.10512792,554,
4491_0,0.28317568,0.5528035,3367,5,-1,0.2563195,0.49862498,3127,2_000045f6d50aecdbf160,0.44822824,0.62653077,5159,0.2919439,0.54079854,3344,0.14652342,0.33170903,1230,0.11575184,0.31951845,1007,
4523_0,0.28897598,0.29043505,1884,5,0,0.22172707,0.22391123,1308,1_00006af112204c5cdb10,0.2770811,0.269903,1586,0.22732466,0.22547913,1211,0.07261328,0.06816636,876,0.066160485,0.0590576,741,
4524_0,0.2508996,0.31247506,3392,5,-1,0.19368248,0.24637571,2871,2_0000d52174b2fc6d61e9,0.27145284,0.3131513,3841,0.20650907,0.2609532,3044,0.112909,0.12121619,920,0.101622835,0.11543572,889,
4527_0,0.3485239,0.54348356,3235,5,-1,0.3306014,0.48497814,2904,2_0000f6e5bafcd580d50b,0.49747378,0.6017723,4370,0.38177708,0.5217641,3182,0.1322957,0.29302227,1319,0.105163775,0.2799144,1055,
4574_0,0.22762462,0.2068212,1509,5,8,0.16514868,0.14439923,941,1_00003d50999ea5f79022,0.20845637,0.16674545,1107,0.1613648,0.13429709,763,0.10014497,0.051684067,254,0.088054344,0.04689035,198,
4578_0,0.23369971,0.23988889,1717,5,0,0.16808341,0.1725438,1134,1_00006af112204c5cdb10,0.21955022,0.19972076,1311,0.16341875,0.1654509,1004,0.08365298,0.07391533,806,0.069425754,0.060252193,682,
4587_0,0.25779212,0.28223446,1580,5,1,0.19039242,0.21158999,997,1_00000e13c64bbd61ca02,0.22107083,0.25586188,949,0.18609986,0.21019179,818,0.08027109,0.10065888,351,0.07392053,0.09246803,274,
4594_0,0.19791967,0.62909335,4114,5,-1,0.16030997,0.5637558,3696,2_0000f6385c405fe3ab4d,0.27622727,0.683159,5034,0.16858189,0.6070401,3876,0.093031615,0.2990167,1159,0.06987021,0.30172732,1072,
4609_0,0.24528363,0.2775185,1960,5,0,0.18067801,0.21211463,1420,1_000050bae147b6149018,0.2261585,0.2577331,1816,0.18075576,0.21457848,1382,0.08116516,0.07540857,996,0.068803795,0.06465725,859,
4621_0,0.29463822,0.4177215,6146,5,-1,0.22587761,0.34841096,5538,2_0000a9568d93bd4b0129,0.3504615,0.4800259,6601,0.24064264,0.38167983,6093,0.09773713,0.168506,852,0.083941326,0.16170497,942,
4643_0,0.4076309,0.35492924,1503,5,2,0.32081783,0.27284846,954,1_000025582eae3c7c1fb2,0.38261446,0.31418216,1386,0.3298335,0.27560067,774,0.16662323,0.07207239,264,0.14871144,0.068330675,207,
4666_0,0.3826652,0.35359335,1475,5,2,0.29931915,0.27007014,925,1_000025582eae3c7c1fb2,0.3622945,0.29483458,1297,0.3079998,0.2698437,738,0.15779895,0.06448678,246,0.14149943,0.061300807,193,
4676_0,0.25266936,0.27288947,2082,5,0,0.18759727,0.21211463,1514,1_0000fee52e920116851d,0.22849083,0.26587126,1875,0.18775275,0.21995415,1442,0.08761795,0.10661728,949,0.07735568,0.08742915,801,
4698_0,0.34030715,0.5921433,3053,5,-1,0.33258668,0.5295189,2735,2_00005dba9bf3749b9b3e,0.54076356,0.6378993,4258,0.38977328,0.56762713,2981,0.15457477,0.32851,1220,0.12821488,0.31697083,994,
4799_0,0.1923499,0.5207014,2549,5,-1,0.15639459,0.46168476,2191,2_000020324a08238601dd,0.2821279,0.5614078,3724,0.15788354,0.4917329,2262,0.08873021,0.26792616,976,0.06672688,0.2651706,780,
4851_0,0.3457666,0.5375374,3641,5,-1,0.33352414,0.48040944,3376,2_0000f6e5bafcd580d50b,0.5183742,0.5977327,5160,0.38900122,0.51778805,3751,0.15953791,0.2870838,1552,0.1294281,0.27464473,1238,
4855_0,0.20961066,0.5733408,3000,5,-1,0.17740528,0.5093426,2657,2_0000cc337c6d19e59ee9,0.30694368,0.6178633,4224,0.18633896,0.5440805,2802,0.11111956,0.29206866,1089,0.08404278,0.2896521,901,
4865_0,0.425084,0.41367853,1666,5,2,0.3465566,0.34278354,1147,1_000025582eae3c7c1fb2,0.43466985,0.4349107,2107,0.3642407,0.3670374,1015,0.17394854,0.080199465,377,0.1567098,0.07686308,295,
4868_0,0.2674408,0.2743827,2077,5,0,0.19840375,0.20920283,1476,1_00006af112204c5cdb10,0.26541942,0.2618395,1750,0.20687789,0.21174133,1393,0.09119419,0.08899705,863,0.080543205,0.073989995,729,
4869_0,0.25943312,0.24698177,1758,5,0,0.19296163,0.18262316,1173,1_00006af112204c5cdb10,0.26160997,0.23100412,1372,0.19731532,0.17851675,1053,0.084508166,0.092282176,840,0.07307974,0.07578188,707,
4901_0,0.28188342,0.29666927,1528,5,1,0.20635062,0.21714889,947,1_00000e13c64bbd61ca02,0.2235083,0.23697025,981,0.19925818,0.21034536,749,0.080501355,0.08624993,257,0.0732475,0.07907517,190,
4933_0,0.22787267,0.20096487,1584,5,8,0.16699418,0.13954604,1015,1_00003d50999ea5f79022,0.21488762,0.16805324,1300,0.16183421,0.12771124,840,0.105744734,0.04924631,236,0.09228693,0.044778477,194,
4968_0,0.24992746,0.25414282,1724,5,6,0.18924332,0.18853572,1216,1_00000e0643e441a6d028,0.25957766,0.25726312,2251,0.18550421,0.18372762,1096,0.12405744,0.056206696,402,0.10711783,0.052436095,324,
5017_0,0.22157158,0.25161082,2128,5,0,0.15408942,0.18381774,1595,1_000050bae147b6149018,0.17912313,0.20927748,2117,0.1482586,0.18030864,1600,0.08505238,0.08854908,1136,0.073001996,0.07010757,978,
5088_0,0.2498497,0.20436415,1495,5,6,0.18804383,0.14469093,945,1_00000e0643e441a6d028,0.24610764,0.19014087,1340,0.18400857,0.1340558,754,0.12848143,0.060632497,273,0.111577734,0.054493397,201,
5117_0,0.21270871,0.22294062,1831,5,0,0.14413814,0.15656613,1221,1_00006af112204c5cdb10,0.17383651,0.169184,1311,0.13418685,0.14215638,1081,0.082175836,0.07720046,749,0.06973673,0.06159611,624,
5120_0,0.25305644,0.25348002,1684,5,6,0.1939727,0.18982498,1175,1_00000e0643e441a6d028,0.27382806,0.27474687,2184,0.19255482,0.18775651,1051,0.12836482,0.06122472,382,0.11139226,0.056118935,309,
5133_0,0.27070606,0.26758847,1971,5,0,0.19708209,0.19725691,1378,1_00006af112204c5cdb10,0.23999701,0.24406996,1664,0.19739307,0.19695826,1290,0.06499432,0.07720046,861,0.058774766,0.06413461,728,
5160_0,0.26023486,0.5256344,2688,5,-1,0.2292427,0.46052718,2361,2_000020324a08238601dd,0.36490235,0.5644189,3961,0.25279012,0.49248987,2495,0.112443075,0.2694574,1263,0.088399336,0.26431835,990,
5185_0,0.4157974,0.51751906,4238,5,-1,0.4153884,0.45727646,3935,2_00001dca2a881422a113,0.5720428,0.5321784,5415,0.464646,0.48333165,4315,0.13707991,0.17018795,833,0.11966737,0.1760731,856,
5187_0,0.37543526,0.5785109,3132,5,-1,0.36628097,0.5184765,2859,2_00000a3df0ecf3e61fa2,0.52934825,0.6318819,4482,0.420986,0.5574385,3183,0.13736916,0.32629386,1689,0.1128291,0.3177374,1308,
5197_0,0.39276075,0.3529839,1463,5,2,0.30779654,0.26492038,916,1_000025582eae3c7c1fb2,0.36641377,0.28091598,1328,0.3142248,0.26064762,730,0.16029674,0.057987392,242,0.14336601,0.056259826,190,
5203_0,0.35587543,0.32188419,1462,5,2,0.27581978,0.23689598,903,1_000025582eae3c7c1fb2,0.3295192,0.25178266,1177,0.27825466,0.22862509,708,0.15189117,0.060708776,248,0.13394645,0.058180094,190,
5216_0,0.15541777,0.37763572,2155,5,-1,0.08937636,0.30586234,1471,2_000020067735e9ca6727,0.056280866,0.38824248,1788,0.066229835,0.32565254,1307,0.012862494,0.1524652,399,0.010995906,0.15588658,298,
5242_0,0.53561556,0.4242224,1699,5,0,0.4610697,0.3538577,1259,1_00001406e2c0b9274815,0.6279469,0.43201476,2293,0.5098065,0.38001144,1204,0.22013718,0.0846495,685,0.19938666,0.08236726,526,
5244_0,0.25650826,0.21004713,1551,5,6,0.19309014,0.14810207,992,1_00000e0643e441a6d028,0.24123162,0.18470328,1379,0.18931809,0.13766685,806,0.12646824,0.06206628,291,0.11038418,0.05611157,217,
5329_0,0.65951455,0.56481427,5702,5,-1,0.6369016,0.50494623,5316,2_0000ef318b2bea6e4311,0.79139405,0.58856887,6689,0.71899766,0.5401501,5897,0.11031836,0.17832015,939,0.11902463,0.18543585,960,
5337_0,0.36015975,0.571924,3089,5,-1,0.34725556,0.51125526,2821,2_00000a3df0ecf3e61fa2,0.5227307,0.6251539,4467,0.40565535,0.5497836,3147,0.14332494,0.32080662,1790,0.117240794,0.31243074,1390,
5356_0,0.27770305,0.28782186,2017,5,0,0.20508976,0.22077543,1460,1_000050bae147b6149018,0.2520474,0.2761746,1802,0.20959894,0.22704703,1418,0.07222455,0.07749911,949,0.06499432,0.06764373,825,
5379_0,0.27031735,0.26430336,2096,5,0,0.21037638,0.20457378,1504,1_00006af112204c5cdb10,0.28345615,0.2797584,1933,0.21846181,0.2059177,1432,0.09515916,0.09437271,829,0.08310877,0.0802616,670,
5404_0,0.44298387,0.45320663,6892,5,-1,0.39518893,0.40292728,6205,2_0000fc42140f512c5443,0.54601884,0.56311476,7648,0.44324976,0.4591626,6899,0.13913043,0.1146175,877,0.116263315,0.087884955,884,
5411_0,0.22999655,0.2000314,1571,5,6,0.17009023,0.13934994,1025,1_00000e0643e441a6d028,0.22412765,0.17944977,1530,0.16359012,0.12776327,851,0.10668099,0.04889471,284,0.093818486,0.044813517,222,
5418_0,0.23556557,0.25974897,1971,5,0,0.16707274,0.18874544,1384,1_00006af112204c5cdb10,0.21659593,0.2209994,1791,0.16116416,0.18172722,1290,0.078910574,0.06921163,863,0.066471465,0.05554849,711,
5432_0,0.25043908,0.20701876,1550,5,6,0.18811269,0.14865187,1027,1_00000e0643e441a6d028,0.2515697,0.20612502,1699,0.18647045,0.13879955,864,0.1276618,0.0689829,321,0.11116791,0.06080458,243,
5438_0,0.1846009,0.33224574,6964,5,-1,0.111835025,0.2681111,6367,2_00005c27a53c6ff8a5b9,0.099723294,0.4224374,7963,0.09456038,0.29282424,7152,0.022509376,0.116174005,1152,0.019856095,0.091908865,1230,
5446_0,0.28297222,0.29099992,1559,5,1,0.21011971,0.21455732,986,1_00000e13c64bbd61ca02,0.23574588,0.24223343,1081,0.205558,0.2095351,807,0.086780086,0.08737266,295,0.078326754,0.08038868,223,
5456_0,0.24232934,0.25698647,1902,5,0,0.17500268,0.18979071,1313,1_00006af112204c5cdb10,0.23696497,0.22256732,1619,0.17546915,0.18546031,1202,0.08761795,0.08392004,841,0.07362395,0.0665238,693,
5497_0,0.26985088,0.2761746,2046,5,0,0.19887021,0.20651498,1459,1_00006af112204c5cdb10,0.24092995,0.24295004,1805,0.20034735,0.20352851,1374,0.07517884,0.07204878,860,0.06608274,0.059580237,727,
5521_0,0.56797576,0.44422477,1329,5,0,0.49403375,0.3817131,852,1_00001406e2c0b9274815,0.6720509,0.4828334,1603,0.5488101,0.41967893,717,0.22592537,0.09203052,599,0.20453772,0.09019397,408,
5523_0,0.2993335,0.5494578,3204,5,-1,0.26889282,0.48947123,2852,2_0000f6e5bafcd580d50b,0.37984696,0.599372,4156,0.29701737,0.52475595,3105,0.119446635,0.29391402,1151,0.09584407,0.2829195,945,
5537_0,0.18176183,0.49335968,2776,5,-1,0.13985074,0.43197373,2304,2_00002faeb84684f9a919,0.21688996,0.53338146,3297,0.13224055,0.46075872,2292,0.06920846,0.2625221,780,0.050789632,0.24826835,678,
5549_0,0.20632106,0.51420194,2782,5,-1,0.14490971,0.4543874,2218,2_00001dca2a881422a113,0.1521552,0.52795184,2749,0.12872423,0.48038906,2141,0.069883876,0.16949242,778,0.05545133,0.17468207,669,
5559_0,0.30943578,0.32174915,1589,5,1,0.23711601,0.24752888,1023,1_00000e13c64bbd61ca02,0.27945155,0.31059065,1342,0.23753473,0.25222325,841,0.09762052,0.09882808,259,0.08834754,0.09138374,200,
5589_0,0.28625494,0.29297355,2156,5,0,0.23082317,0.23481187,1628,1_00006af112204c5cdb10,0.28470007,0.27505466,2086,0.24326228,0.24093416,1604,0.085130125,0.07630452,991,0.07852185,0.06629981,839,
5650_0,0.30065703,0.5569824,2771,5,-1,0.26795533,0.4981541,2414,2_00000a3df0ecf3e61fa2,0.38960782,0.608799,3698,0.30093277,0.5349587,2607,0.12385833,0.3119747,1506,0.097829334,0.3039491,1178,
5658_0,0.2735826,0.27684656,2099,5,0,0.21247548,0.21383186,1547,1_000050bae147b6149018,0.28228998,0.2819236,1944,0.22157158,0.22174603,1517,0.09080547,0.10288418,982,0.08015448,0.08675719,838,
5681_0,0.25904438,0.25526926,1925,5,0,0.19513848,0.19427043,1337,1_00006af112204c5cdb10,0.27031735,0.24840036,1579,0.20594496,0.19912346,1250,0.11381782,0.10684126,954,0.099512845,0.089743674,812,
5704_0,0.37669483,0.33157712,1468,5,2,0.29647183,0.24606206,932,1_000025582eae3c7c1fb2,0.35883415,0.26598716,1342,0.30283424,0.24075557,741,0.15304585,0.05755294,300,0.13786213,0.055316154,227,
5708_0,0.21048734,0.2076463,1530,5,8,0.15073353,0.14620368,980,1_00003d50999ea5f79022,0.19949438,0.18054788,1417,0.14276776,0.13514896,797,0.0829451,0.053989694,275,0.07287655,0.048447758,213,
5735_0,0.2972169,0.2818489,2346,5,0,0.23572107,0.22137272,1813,1_000050bae147b6149018,0.33515617,0.28476074,2487,0.25391325,0.22674838,1850,0.08948381,0.0786937,887,0.0772002,0.06308935,760,
5763_0,0.25266936,0.2708736,1998,5,0,0.18643111,0.20181128,1407,1_00006af112204c5cdb10,0.23066768,0.2312281,1706,0.18440975,0.1984515,1309,0.07650049,0.06958494,878,0.06864831,0.058833618,731,
5786_0,0.3342331,0.39110684,7305,5,-1,0.25911343,0.3270138,6740,2_00002fc775c0333f2be9,0.3522585,0.45395717,8199,0.2723765,0.35790938,7564,0.062706195,0.099156946,824,0.05508139,0.0951034,997,
5791_0,0.3707015,0.40651774,3313,5,1,0.29933244,0.3394488,2703,1_0000179f34e53a2ffd03,0.35897553,0.43878877,3523,0.31697208,0.37165058,2893,0.12567562,0.1497744,1056,0.11748551,0.14018145,934,
5808_0,0.2629395,0.42450738,4580,5,-1,0.21115741,0.37011474,4274,2_000044bec0b2db7b7229,0.30908892,0.55340225,6357,0.22978406,0.4211391,4872,0.08192222,0.1845485,1054,0.07627766,0.17556763,942,
5848_0,0.22406176,0.2201195,1517,5,8,0.16390406,0.15843044,975,1_00003d50999ea5f79022,0.21434009,0.20645958,1477,0.15777193,0.1510486,810,0.0930677,0.059955016,341,0.081222154,0.05377789,254,
5855_0,0.26345375,0.3274238,3454,5,-1,0.20355926,0.2602336,2901,2_0000d52174b2fc6d61e9,0.28346497,0.33050656,3787,0.21329278,0.2747992,3046,0.10150586,0.12099634,804,0.08692336,0.11362681,743,
5859_0,0.68913925,0.56711483,5702,5,-1,0.66775334,0.5077283,5316,2_0000ef318b2bea6e4311,0.82020074,0.59001344,6689,0.7511349,0.54180866,5897,0.10897444,0.17896217,939,0.118907765,0.18543585,960,
5867_0,0.28664365,0.2743827,2177,5,0,0.21869504,0.20920283,1572,1_00006af112204c5cdb10,0.28850952,0.2618395,1888,0.22724693,0.21174133,1510,0.085441105,0.08899705,854,0.076034024,0.073989995,728,
5947_0,0.2936716,0.30578446,2327,5,1,0.22559294,0.2321803,1657,1_00000e13c64bbd61ca02,0.26754564,0.27815554,2045,0.22526085,0.23221564,1521,0.10858941,0.10770151,448,0.09838611,0.0975441,360,
5954_0,0.18942285,0.36386967,2822,5,-1,0.1250026,0.29659766,2236,2_00001c2ab2e54b7b861c,0.13374615,0.3832324,3008,0.113001555,0.31652844,2270,0.04401069,0.16145977,796,0.037169613,0.15564531,635,
5979_0,0.2965172,0.30454615,1906,5,0,0.22833535,0.24489124,1353,1_000050bae147b6149018,0.30763465,0.31888124,1716,0.24264032,0.25877836,1287,0.08132065,0.09235684,934,0.07463463,0.078992344,796,
5998_0,0.4359376,0.4704512,6891,5,-1,0.39904442,0.41857898,6203,2_0000fc42140f512c5443,0.55266625,0.57855874,7695,0.44544342,0.477723,6897,0.14039344,0.11413271,915,0.11878933,0.08954708,897,
6000_0,0.1713392,0.6221217,3855,5,-1,0.13389494,0.5574621,3379,2_0000f6385c405fe3ab4d,0.26740387,0.6738581,4576,0.12755314,0.5983844,3460,0.07020109,0.2931533,978,0.050734483,0.29738054,920,
6009_0,0.2984608,0.29222694,2203,5,0,0.23447716,0.23540917,1658,1_000050bae147b6149018,0.34837273,0.32888594,2310,0.25321355,0.24795239,1664,0.09585886,0.09213285,882,0.08139839,0.07764843,750,
6010_0,0.18435371,0.70663774,8573,5,-1,0.14983219,0.6408068,7853,2_00000b41fc994f1539a5,0.25008798,0.7778151,8925,0.15198289,0.69347346,8323,0.09148752,0.32414234,2597,0.06904302,0.33580792,2618,
6012_0,0.24454314,0.20429829,1472,5,6,0.18116981,0.14030384,895,1_00000e0643e441a6d028,0.2262482,0.15750588,993,0.17757732,0.12876667,691,0.11787127,0.051505227,219,0.102911904,0.048126783,170,
6024_0,0.32398164,0.29044414,1501,5,6,0.25005555,0.20941964,941,1_00000e0643e441a6d028,0.29575032,0.22020985,1108,0.2494362,0.20035297,772,0.14691669,0.06470289,363,0.12874761,0.059352785,262,
6025_0,0.38652164,0.43362403,2274,5,1,0.31197283,0.3696478,1680,1_0000179f34e53a2ffd03,0.37715572,0.4774437,2033,0.33130547,0.4055275,1616,0.13387759,0.1575236,870,0.12437138,0.14913581,718,
6045_0,0.31516403,0.29588535,1539,5,5,0.2461195,0.2292377,990,1_000097b320ca42a494fb,0.31569675,0.28833544,1407,0.2503702,0.23182932,815,0.14743423,0.0781877,329,0.1304228,0.07103186,247,
6055_0,0.26845148,0.2720682,2284,5,0,0.19910344,0.20233391,1687,1_00006af112204c5cdb10,0.23820889,0.23115344,2111,0.19793728,0.19957143,1648,0.06748214,0.061820094,789,0.05846379,0.049575534,671,
6079_0,0.35578585,0.35687196,1504,5,5,0.2810427,0.2790079,969,1_000097b320ca42a494fb,0.35458046,0.33746722,1585,0.28960377,0.28686357,796,0.1465398,0.07096853,277,0.13214576,0.06903999,217,
6111_0,0.24963732,0.27035096,2010,5,0,0.18728629,0.20778425,1465,1_000050bae147b6149018,0.24357325,0.25407466,1896,0.19117351,0.21032275,1430,0.08652952,0.08959435,980,0.076345004,0.07518458,834,
6162_0,0.25582317,0.51137084,3460,5,-1,0.22367294,0.45435134,3174,2_000045f6d50aecdbf160,0.39170337,0.55821824,5101,0.24699977,0.48649627,3383,0.13207512,0.27029255,870,0.09882196,0.26479173,765,
6259_0,0.27544847,0.2683351,1823,5,0,0.20827729,0.20420046,1198,1_00006af112204c5cdb10,0.27474877,0.26019695,1232,0.21434136,0.20711228,1052,0.09974608,0.096985884,714,0.08505238,0.082800105,596,
6264_0,0.49480304,0.52813214,7225,5,-1,0.4315404,0.45692995,6647,2_00000a62762bcbc1e75c,0.60022795,0.5994779,7901,0.49112982,0.5075135,7413,0.09523045,0.17424154,770,0.09773713,0.17805846,989,
6288_0,0.5057749,0.5295154,7269,5,-1,0.4487699,0.45859295,6710,2_00000a62762bcbc1e75c,0.64906025,0.60967994,8057,0.52067137,0.51073265,7507,0.104919165,0.18030903,837,0.10641481,0.18416464,1028,
6292_0,0.32621402,0.47064698,5730,5,-1,0.2771122,0.42077762,5484,2_000044bec0b2db7b7229,0.40096974,0.6189958,7956,0.30984896,0.48243862,6323,0.08788997,0.19158772,1009,0.08164714,0.1833765,1015,
6321_0,0.19212931,0.60575086,2745,5,-1,0.14448301,0.54243493,2298,2_0000cc337c6d19e59ee9,0.19196388,0.6596393,3294,0.1401816,0.58223826,2306,0.085586876,0.31857735,933,0.0649622,0.31653488,784,
6333_0,0.20199713,0.5753006,3308,5,-1,0.13620344,0.5147905,2728,2_00005036522f30c9cf9c,0.1316458,0.6049938,3445,0.117096394,0.54753333,2667,0.06608584,0.2066759,623,0.04890702,0.21170503,569,
6338_0,0.18860795,0.20897883,1778,5,0,0.11739406,0.13887125,1125,1_00006af112204c5cdb10,0.11008608,0.12871721,1016,0.09850217,0.12162433,939,0.068726055,0.07391533,600,0.056597922,0.058758955,494,
6353_0,0.2083423,0.5006177,2861,5,-1,0.15871073,0.43956113,2362,2_00002faeb84684f9a919,0.21722083,0.5445419,3111,0.15600856,0.47098815,2360,0.09347278,0.26275992,860,0.071138576,0.24691577,727,
6399_0,0.22172868,0.2022246,1521,5,8,0.16466409,0.14319402,1008,1_00003d50999ea5f79022,0.22841428,0.20102385,1832,0.15808031,0.13221641,851,0.09994468,0.052525517,302,0.087827034,0.046430178,241,
6466_0,0.33394063,0.3068891,1500,5,2,0.25905383,0.22981319,940,1_000025582eae3c7c1fb2,0.32114103,0.26788765,1219,0.26174596,0.2262245,752,0.14959994,0.067479864,281,0.13169113,0.06254933,214,
6508_0,0.1853442,0.57246494,3200,5,-1,0.11814816,0.51109886,2599,2_00005036522f30c9cf9c,0.08595249,0.6002322,3159,0.09214621,0.54491174,2505,0.03751291,0.20421484,610,0.027228992,0.20993948,558,
6514_0,0.26093817,0.40640783,3414,5,-1,0.1969007,0.34404272,2870,2_0000c9551ee911c6678d,0.2833006,0.48321393,3987,0.20884472,0.38302007,3004,0.065009266,0.16458753,476,0.059062615,0.1600821,448,
6539_0,0.23001476,0.5241261,2863,5,-1,0.19268078,0.4649316,2480,2_000020324a08238601dd,0.3130649,0.5653999,3758,0.2119268,0.49560654,2589,0.102075584,0.27486962,947,0.07885904,0.26967224,781,
6543_0,0.12558588,0.66006184,1848,5,6,0.08185689,0.58954555,1413,1_0000271e2999ef726d68,0.17574938,0.70449555,2433,0.066407055,0.63343966,1327,0.062371768,0.30219063,691,0.0419311,0.31157282,533,
6566_0,0.28155434,0.44220278,4857,5,-1,0.22722664,0.38625363,4536,2_000044bec0b2db7b7229,0.327258,0.5696618,6771,0.24618241,0.43814665,5161,0.07785696,0.18217301,940,0.072359,0.17410669,881,
6569_0,0.2642967,0.31740755,1587,5,5,0.19915268,0.24473341,1065,1_000097b320ca42a494fb,0.26037547,0.3005485,1871,0.19705583,0.24819048,912,0.12825708,0.064903975,314,0.1130134,0.062097847,251,
6631_0,0.2585779,0.275428,1953,5,0,0.18604238,0.20293121,1364,1_00006af112204c5cdb10,0.2102209,0.21898355,1665,0.18044478,0.19695826,1262,0.06328394,0.060998812,896,0.0562092,0.04994884,742,
6635_0,0.21047547,0.19947244,1485,5,8,0.15132585,0.13707149,946,1_00003d50999ea5f79022,0.20158234,0.16567174,1444,0.14489757,0.12509649,772,0.084880546,0.04679092,257,0.07389055,0.043447744,202,
6641_0,0.13786213,0.25500578,1578,5,-1,0.080130406,0.19325362,1008,2_000071cb95117aba0653,0.08712104,0.2599383,1325,0.06274803,0.19757025,847,0.018776197,0.09082989,380,0.01410084,0.0870901,272,
6708_0,0.31245482,0.30103704,1897,5,0,0.24536137,0.24414462,1348,1_000050bae147b6149018,0.35070506,0.31731334,1740,0.26697433,0.2557919,1288,0.08870637,0.08698118,947,0.07922155,0.076229855,814,
6716_0,0.2763814,0.25765845,2104,5,0,0.2142636,0.19516636,1561,1_000050bae147b6149018,0.29698366,0.24347267,2017,0.2289573,0.19733156,1556,0.09865765,0.10094297,1079,0.087462455,0.08250146,935,
6738_0,0.16113716,0.5196924,2067,5,-1,0.10306822,0.4608557,1512,2_00002faeb84684f9a919,0.09689184,0.57275176,1804,0.08266413,0.49616787,1381,0.048969805,0.30024537,638,0.033749457,0.28131697,506,
6744_0,0.2834657,0.34544557,3888,5,-1,0.2258206,0.27988943,3402,2_0000d52174b2fc6d61e9,0.3307572,0.3741611,4654,0.24526986,0.30298108,3675,0.107736826,0.13692808,747,0.09591534,0.12783396,718,
6760_0,0.22923392,0.20840305,1451,5,8,0.16730255,0.1437853,864,1_00003d50999ea5f79022,0.20157975,0.15393984,846,0.15993504,0.13154814,654,0.09699227,0.050956056,176,0.08468619,0.04650627,140,
6805_0,0.31919968,0.39039645,7589,5,-1,0.24352619,0.3260185,7056,2_00002fc775c0333f2be9,0.34482586,0.46233833,8632,0.25852442,0.3613216,7920,0.06345402,0.103964895,816,0.05440539,0.09905076,993,
6815_0,0.17007084,0.6508657,3825,5,-1,0.13031043,0.5883807,3351,2_0000f6385c405fe3ab4d,0.24203663,0.7122232,4412,0.13201997,0.6338947,3454,0.09479629,0.31035107,1000,0.06694747,0.3183048,937,
6840_0,0.21480782,0.22816697,1717,5,0,0.15113513,0.16216578,1134,1_00006af112204c5cdb10,0.19467202,0.20196061,1311,0.14390491,0.15440093,1004,0.078288615,0.08474132,806,0.06499432,0.06697177,682,
6906_0,0.23393294,0.25228277,1844,5,0,0.16131966,0.18187654,1270,1_00006af112204c5cdb10,0.19848149,0.20644033,1619,0.15424491,0.17403704,1155,0.079843506,0.06980892,867,0.06623823,0.05510052,707,
6909_0,0.3299864,0.34379262,1631,5,1,0.25616175,0.26899493,1074,1_00000e13c64bbd61ca02,0.31366876,0.33865976,1543,0.26141128,0.27309042,906,0.10480255,0.10122184,274,0.09713888,0.09396148,216,
6918_0,0.2669627,0.5822506,3150,5,-1,0.24545568,0.52112734,2869,2_0000cc337c6d19e59ee9,0.3983209,0.6311588,4674,0.2690031,0.558264,3085,0.13825148,0.30122596,1284,0.10389541,0.2990019,1020,
6975_0,0.19859105,0.37094134,3033,5,-1,0.13528363,0.30548528,2482,2_00001c2ab2e54b7b861c,0.15156537,0.39798597,3363,0.12686326,0.32980317,2592,0.048790812,0.16440143,747,0.04251209,0.15982677,624,
7028_0,0.24088177,0.2155047,1869,5,6,0.18160962,0.15555084,1346,1_00000e0643e441a6d028,0.2526229,0.22703797,2259,0.17933321,0.14751148,1251,0.12047087,0.058603823,429,0.10533195,0.05193979,352,
7049_0,0.277803,0.41308954,6206,5,-1,0.20994869,0.34170425,5665,2_0000a9568d93bd4b0129,0.31951028,0.46892977,6961,0.21919167,0.372966,6261,0.10096165,0.17034763,1081,0.08499716,0.1636216,1123,
7057_0,0.238722,0.21059865,1608,5,6,0.17668585,0.14820151,1046,1_00000e0643e441a6d028,0.22562625,0.18607116,1421,0.1729586,0.13743295,878,0.11494885,0.052428883,282,0.100139044,0.046909682,220,
7204_0,0.27881145,0.41522247,5729,5,-1,0.2104218,0.34556496,5119,2_0000a9568d93bd4b0129,0.3286555,0.47155684,6237,0.22125632,0.37570098,5634,0.10199082,0.17573729,945,0.08468026,0.16846336,973,
7254_0,0.391873,0.36867875,1605,5,2,0.3134207,0.29281628,1072,1_000025582eae3c7c1fb2,0.39568353,0.3606298,1732,0.32689035,0.30386811,915,0.17268057,0.077710986,319,0.15292923,0.07351443,255,
7274_0,0.15192774,0.70017266,8548,5,-1,0.11365629,0.63499,7795,2_00000b41fc994f1539a5,0.19720277,0.77067536,8873,0.10091752,0.6869024,8283,0.053877816,0.31872907,2537,0.040367,0.33287495,2609,
7284_0,0.18029056,0.33553088,7177,5,-1,0.11037529,0.26587126,6605,2_00005c27a53c6ff8a5b9,0.09875409,0.41974956,8304,0.092017785,0.2930482,7448,0.023143541,0.115278065,1057,0.021049645,0.090340964,1190,
7288_0,0.23821665,0.3157056,3392,5,-1,0.1839249,0.25209564,2871,2_0000d52174b2fc6d61e9,0.25961024,0.322368,3841,0.19641647,0.26636764,3044,0.12842146,0.12615393,920,0.11461085,0.11955195,889,
7317_0,0.3713853,0.36095518,1535,5,2,0.296373,0.28602898,993,1_000025582eae3c7c1fb2,0.3706408,0.3429124,1524,0.3077758,0.29609168,826,0.15218437,0.076094896,309,0.13790396,0.072893634,239,
7319_0,0.19609985,0.6999582,8193,5,-1,0.16863704,0.63339394,7426,2_00000b41fc994f1539a5,0.25869077,0.76711917,8688,0.17100833,0.68473357,7825,0.09463085,0.3161121,2831,0.07494366,0.3267432,2733,
7340_0,0.24256258,0.26467666,1971,5,0,0.17438072,0.19322516,1384,1_00006af112204c5cdb10,0.21208677,0.2137572,1791,0.16707274,0.18471369,1290,0.07354621,0.062492054,863,0.06289522,0.051890053,711,
7393_0,0.2004564,0.46735364,3053,5,-1,0.18992347,0.40667176,2717,2_000045f6d50aecdbf160,0.3247559,0.49343514,4210,0.19764394,0.43036455,2830,0.109630615,0.21726912,1005,0.083325885,0.21173109,847,
7406_0,0.2564394,0.21182951,1557,5,6,0.19369137,0.15193771,1029,1_00000e0643e441a6d028,0.25354695,0.19968624,1574,0.1915197,0.1437091,872,0.13195436,0.0699223,393,0.11550526,0.061493732,287,
7418_0,0.26720756,0.26766315,2064,5,0,0.19506073,0.20240858,1476,1_00006af112204c5cdb10,0.27894697,0.24421929,1877,0.20135804,0.19889946,1398,0.08202035,0.07787242,840,0.07191357,0.062118743,669,
7420_0,0.18591735,0.32933393,7749,5,-1,0.11479965,0.26975366,7179,2_00005c27a53c6ff8a5b9,0.10687571,0.42348266,8862,0.09846421,0.2942428,8104,0.024115708,0.1173686,1015,0.021534245,0.091684885,1217,
7469_0,0.3249922,0.40008783,7254,5,-1,0.26961923,0.34911594,6579,2_0000fc42140f512c5443,0.44358212,0.50293195,8068,0.32638818,0.3950322,7294,0.16837907,0.1426659,889,0.12357547,0.106583886,890,
7495_0,0.24436691,0.22492073,1487,5,8,0.179465,0.16017169,928,1_00003d50999ea5f79022,0.21661982,0.1854462,1112,0.17415844,0.1525141,751,0.107653156,0.06249155,367,0.09363301,0.05736855,272,
7505_0,0.26806274,0.2795344,1974,5,0,0.1928839,0.20793356,1367,1_00006af112204c5cdb10,0.20734435,0.21129335,1612,0.18557592,0.20054203,1275,0.056131456,0.05442856,865,0.051000323,0.04405055,727,
7537_0,0.32521516,0.30087322,1488,5,5,0.25271547,0.22171012,935,1_000097b320ca42a494fb,0.3184759,0.24860728,1270,0.25643978,0.21666026,747,0.14843935,0.063573316,290,0.1308715,0.05970095,218,
7540_0,0.1586397,0.36037958,1950,5,-1,0.090031624,0.28733578,1286,2_000020067735e9ca6727,0.054543104,0.36121047,1595,0.066923976,0.30318373,1110,0.011516416,0.141547,462,0.008934956,0.14385964,344,
7542_0,0.16224009,0.5486488,2500,5,-1,0.10869313,0.48360655,2049,2_00002b6cd6eabd9e799a,0.17007084,0.5792154,3165,0.09854623,0.51493263,2060,0.06683717,0.26765174,939,0.048418343,0.26424313,745,
7544_0,0.23855168,0.3950678,3323,5,-1,0.17241143,0.33071706,2771,2_0000c9551ee911c6678d,0.21802847,0.4457175,3766,0.17099354,0.36124802,2886,0.057734672,0.16303653,464,0.050181687,0.15958863,455,
7550_0,0.30994743,0.4327296,6044,5,-1,0.23953867,0.36140937,5422,2_0000a9568d93bd4b0129,0.36303377,0.5002823,6553,0.25498262,0.39799696,5958,0.10180831,0.17907898,861,0.08573313,0.17083016,915,
7649_0,0.1601383,0.32163396,2112,5,-1,0.101356655,0.2565431,1532,2_00004cffdff505f3c537,0.10303777,0.33562797,2055,0.08744423,0.2683708,1444,0.031555038,0.12739664,623,0.02751977,0.123553835,480,
7668_0,0.23852466,0.20328665,1461,5,6,0.1763449,0.14119565,895,1_00000e0643e441a6d028,0.22378965,0.16863835,1147,0.17166954,0.13015114,693,0.11475745,0.055141773,246,0.100207895,0.050131787,185,
7683_0,0.2511922,0.2777425,2109,5,0,0.1829326,0.211592,1553,1_000050bae147b6149018,0.21434136,0.24907231,1976,0.17927861,0.21286125,1532,0.06491657,0.07451263,1009,0.056986645,0.060625505,860,
7722_0,0.20967668,0.22622575,1916,5,0,0.14001769,0.158582,1341,1_0000fee52e920116851d,0.15634401,0.16425632,1596,0.13037738,0.14723338,1226,0.08163162,0.08593591,861,0.06825958,0.06973426,712,
7746_0,0.21343575,0.6593492,2808,5,4,0.17645183,0.5863317,2342,1_00002de325e96806c2a7,0.30500484,0.7015002,3347,0.18153492,0.6285546,2366,0.08028616,0.29868254,714,0.062225692,0.30883068,634,
7875_0,0.38303947,0.3596009,1513,5,2,0.30090213,0.28109485,983,1_000025582eae3c7c1fb2,0.3660432,0.32637525,1569,0.30909222,0.28609997,805,0.15304288,0.06600273,326,0.13703954,0.06453625,255,
7880_0,0.34533566,0.30782723,1415,5,2,0.27073056,0.21967874,862,1_000025582eae3c7c1fb2,0.32920492,0.22123677,1102,0.27318949,0.20770441,660,0.15884294,0.056657117,227,0.13962692,0.053223014,171,
7908_0,0.41002357,0.3568811,1516,5,2,0.32631838,0.27298674,967,1_000025582eae3c7c1fb2,0.39420533,0.3075702,1386,0.33698818,0.27328166,790,0.17234257,0.070755064,246,0.1533509,0.06700251,198,
7918_0,0.32736534,0.4522531,6195,5,-1,0.2729903,0.37879187,5680,2_00000a62762bcbc1e75c,0.4239756,0.51323354,6850,0.30101871,0.41705137,6278,0.110118,0.18364155,960,0.0976294,0.17953938,1071,
7935_0,0.38569343,0.37079987,1489,5,2,0.30573332,0.29010314,956,1_000025582eae3c7c1fb2,0.37785614,0.34384438,1546,0.3161369,0.2981062,778,0.15240279,0.068881504,280,0.1374523,0.06655953,217,
7965_0,0.20749012,0.2040227,1534,5,8,0.14863667,0.14278892,981,1_00003d50999ea5f79022,0.19230938,0.18075074,1399,0.13939962,0.13194875,801,0.081706755,0.052594163,290,0.07138387,0.0472464,217,
7979_0,0.30024895,0.3083539,2174,5,0,0.23261128,0.24518989,1646,1_000050bae147b6149018,0.29255223,0.3073833,2172,0.24466167,0.25840506,1663,0.07875508,0.08212815,1084,0.07424591,0.07197412,942,
7986_0,0.50449437,0.5253995,7170,5,-1,0.4444862,0.45514333,6575,2_00000a62762bcbc1e75c,0.63252413,0.6028869,7901,0.510779,0.50808835,7342,0.1031244,0.17491111,846,0.10365084,0.17818825,1047,
8055_0,0.29006895,0.50680274,3502,5,-1,0.24859902,0.44699675,3075,2_00002faeb84684f9a919,0.38762257,0.5521748,4425,0.26591492,0.478917,3202,0.10141383,0.27257907,812,0.078142144,0.25730777,775,
8071_0,0.297624,0.5240684,2784,5,-1,0.2726979,0.4666832,2443,2_000020324a08238601dd,0.4327873,0.56778514,3848,0.30799147,0.4977694,2611,0.12060471,0.27827448,1230,0.09556834,0.27227813,976,
8084_0,0.21855566,0.6664701,2239,5,4,0.18269438,0.5955172,1805,1_0000179c9b20e0fed888,0.33717728,0.71384645,2909,0.19041637,0.639534,1771,0.08039223,0.3055399,824,0.060704246,0.3161081,663,
8104_0,0.30480266,0.31635192,2126,5,1,0.22617082,0.23836596,1330,1_00000e13c64bbd61ca02,0.24841402,0.26681387,1035,0.22351457,0.23316914,1058,0.08491053,0.09727984,211,0.07914935,0.08995977,171,
8125_0,0.14810726,0.26060212,1762,5,-1,0.091267005,0.19810663,1220,2_0000e2630f7ea48127d9,0.15336643,0.27654535,1976,0.073917575,0.19960758,1090,0.041704297,0.10823082,526,0.030331504,0.09957901,418,
8142_0,0.33633363,0.2918921,1461,5,2,0.26163527,0.21714815,895,1_000025582eae3c7c1fb2,0.32718915,0.2564274,1095,0.2663495,0.21325865,702,0.16374561,0.073342994,272,0.14381175,0.06614298,209,
8184_0,0.23575181,0.20087926,1560,5,8,0.17259097,0.13828924,980,1_00003d50999ea5f79022,0.21630847,0.15569222,1121,0.16751468,0.12423593,788,0.11004914,0.0482332,205,0.09614265,0.04380339,170,
8196_0,0.27334937,0.2806543,1947,5,0,0.21247548,0.2243592,1381,1_0000438ef047ef07d59e,0.3000157,0.29648265,1697,0.22693595,0.23511052,1324,0.11304037,0.11169429,959,0.10067901,0.09429805,819,
8208_0,0.13714856,0.6247635,3614,5,-1,0.092976466,0.5637268,3122,2_0000f6385c405fe3ab4d,0.18027289,0.67990506,4253,0.0765429,0.6048746,3159,0.05630425,0.2992675,947,0.038712613,0.30388975,871,
8239_0,0.3287599,0.39491016,7589,5,-1,0.25477052,0.3319224,7056,2_00002fc775c0333f2be9,0.35407805,0.46459997,8632,0.27200627,0.36368883,7920,0.06296645,0.105742395,816,0.055000685,0.100525096,993,
8297_0,0.14222202,0.62905514,3571,5,-1,0.09942857,0.5619478,3090,2_0000f6385c405fe3ab4d,0.1706223,0.6825402,4125,0.08619349,0.60524845,3138,0.068436414,0.29345822,1018,0.050293315,0.29984412,930,
8301_0,0.18540148,0.5495616,2330,5,-1,0.14282863,0.4819227,1886,2_00002b6cd6eabd9e799a,0.22940814,0.57706386,2917,0.13891324,0.5129897,1857,0.10334395,0.26785257,782,0.07676349,0.26545337,636,
8335_0,0.14420342,0.25932854,1833,5,-1,0.08194295,0.19642517,1239,2_000071cb95117aba0653,0.08037809,0.25024706,1495,0.06269398,0.19830427,1072,0.017175792,0.08873992,341,0.013888344,0.08485312,247,
8336_0,0.1706223,0.53222466,2164,5,-1,0.10952032,0.47569025,1589,2_00002faeb84684f9a919,0.095016874,0.5909084,1817,0.08933682,0.5132402,1458,0.05657998,0.3132717,641,0.041028753,0.2937111,508,
8354_0,0.15567769,0.705755,8693,5,-1,0.109796055,0.63944924,7940,2_00000b41fc994f1539a5,0.1851809,0.77610976,8976,0.102571905,0.6934961,8456,0.07235179,0.32232767,2553,0.05255431,0.33579725,2655,
8362_0,0.1767188,0.27858493,2260,5,-1,0.112630606,0.21353824,1681,2_0000e2630f7ea48127d9,0.14863074,0.2908217,2404,0.09629518,0.21898569,1612,0.043415397,0.11131925,556,0.033915117,0.10145717,449,
8395_0,0.33232206,0.33893305,2069,5,1,0.25987902,0.2581057,1396,1_00000e13c64bbd61ca02,0.29192793,0.29426453,1685,0.2604384,0.25877368,1209,0.10469482,0.104928955,329,0.09571802,0.09603196,258,
8436_0,0.2965762,0.52400386,3600,5,-1,0.28240362,0.46399102,3342,2_000045f6d50aecdbf160,0.4403423,0.5743934,5048,0.3205648,0.49881518,3633,0.14067791,0.27811837,1011,0.11387687,0.27429283,899,
8454_0,0.3621601,0.32808018,1432,5,2,0.28039926,0.24238414,870,1_000025582eae3c7c1fb2,0.33344674,0.2527248,1011,0.283576,0.23514359,668,0.15271673,0.060705155,210,0.13446696,0.057151873,163,
8465_0,0.2837671,0.270127,2045,5,0,0.21822858,0.20599236,1450,1_00006af112204c5cdb10,0.28788757,0.2569118,1741,0.2282576,0.20800823,1363,0.08761795,0.09019164,839,0.07712245,0.07249676,705,
8482_0,0.21915095,0.54882914,2693,5,-1,0.1779016,0.48008087,2327,2_00002b6cd6eabd9e799a,0.31538105,0.57634765,3847,0.18021774,0.51125693,2403,0.10091752,0.2646619,951,0.07659805,0.26205814,776,
8500_0,0.13009977,0.6590161,2058,5,6,0.08628806,0.5880103,1617,1_0000271e2999ef726d68,0.1699507,0.70345503,2661,0.06967324,0.6301876,1550,0.06297216,0.30021152,704,0.042189114,0.31142926,560,
8518_0,0.15542702,0.3250052,1879,5,-1,0.09343865,0.25768054,1269,2_00004cffdff505f3c537,0.08480281,0.33328056,1661,0.07687591,0.27008563,1132,0.022847375,0.122421734,560,0.019966785,0.120268896,412,
8581_0,0.15611885,0.5482893,2357,5,-1,0.11850915,0.4828502,1944,2_00002b6cd6eabd9e799a,0.24562111,0.57719904,3218,0.10566009,0.51454663,1934,0.07742524,0.2677696,830,0.053932965,0.2645614,670,
8655_0,0.20877624,0.20525722,1441,5,8,0.1494652,0.1434972,885,1_00003d50999ea5f79022,0.18738857,0.16741955,1118,0.14120919,0.13181579,689,0.08338491,0.054799948,245,0.07232309,0.049122903,185,
8657_0,0.21713404,0.200165,1514,5,8,0.15985693,0.13917018,978,1_00003d50999ea5f79022,0.2119441,0.18133385,1541,0.15230395,0.12727803,807,0.08981617,0.048013084,262,0.079122335,0.0440772,207,
8667_0,0.18871391,0.28938964,2341,5,-1,0.12205018,0.22640699,1754,2_0000e2630f7ea48127d9,0.15084127,0.30244792,2348,0.10836507,0.2345106,1701,0.051300455,0.115021884,629,0.03922464,0.106688514,500,
8688_0,0.38293988,0.332596,1498,5,2,0.30787984,0.2557653,949,1_000025582eae3c7c1fb2,0.38017923,0.30165288,1359,0.31706023,0.25878793,774,0.17117308,0.0731108,265,0.15178049,0.068224035,207,
8693_0,0.15589827,0.65086424,3758,5,-1,0.11536582,0.58778,3341,2_0000f6385c405fe3ab4d,0.2205296,0.70987815,4567,0.11111956,0.6322855,3465,0.0874067,0.31081587,1095,0.062039454,0.3172425,1000,
8698_0,0.18181698,0.6640358,4061,5,-1,0.14635798,0.599874,3640,2_0000f6385c405fe3ab4d,0.2828448,0.72735286,5273,0.14525506,0.6473022,3818,0.092866175,0.3184423,1175,0.06628571,0.32600313,1040,
8728_0,0.14834324,0.48723,2532,5,-1,0.097498454,0.42844075,2032,2_00002faeb84684f9a919,0.14619254,0.5281897,2874,0.08293986,0.45627317,1969,0.04786688,0.26223326,722,0.032481097,0.24569401,612,
8764_0,0.24596104,0.20394245,1473,5,6,0.1817292,0.14153239,906,1_00000e0643e441a6d028,0.23131561,0.16722712,1123,0.17813966,0.12993446,701,0.12103914,0.0556221,246,0.104661874,0.050251607,182,
8782_0,0.26374954,0.24406752,1572,5,6,0.19847704,0.17949969,1017,1_00000e0643e441a6d028,0.2500711,0.23376037,1459,0.19541395,0.172687,842,0.12372537,0.055184443,243,0.108395055,0.051468223,200,
8810_0,0.20317683,0.37248877,3033,5,-1,0.13818532,0.30485666,2482,2_00001c2ab2e54b7b861c,0.15698263,0.40138668,3363,0.13021955,0.32808006,2592,0.047441773,0.1603111,747,0.04116305,0.15528522,624,
8815_0,0.15099026,0.5914506,2495,5,-1,0.10549465,0.5310809,2079,2_0000cc337c6d19e59ee9,0.18054862,0.6441101,3501,0.09589922,0.56838244,2085,0.078693606,0.3059761,1018,0.05630425,0.30171102,810,
8837_0,0.22977518,0.19734997,1673,5,6,0.16886076,0.13714543,1116,1_00000e0643e441a6d028,0.22431904,0.18413153,1596,0.16393404,0.12619969,957,0.108062975,0.050581492,257,0.094306044,0.045368847,213,
8850_0,0.12934381,0.6608926,2035,5,6,0.083997145,0.5892799,1590,1_0000271e2999ef726d68,0.1735806,0.70496225,2604,0.06750411,0.63235354,1511,0.058106393,0.30066815,681,0.038624562,0.31101188,544,
8853_0,0.20263988,0.5713949,3026,5,-1,0.13561913,0.5106174,2398,2_00005036522f30c9cf9c,0.12761404,0.60140926,2896,0.116628945,0.5448583,2300,0.055626627,0.20491035,657,0.040901925,0.210421,595,
8866_0,0.41287106,0.41428515,7228,5,-1,0.37458193,0.34738454,6565,2_0000fc42140f512c5443,0.52069217,0.5329887,8112,0.42184508,0.40860623,7310,0.14750618,0.14848334,944,0.12045118,0.10734569,939,
8892_0,0.24102838,0.20168974,1436,5,6,0.18004215,0.13927287,869,1_00000e0643e441a6d028,0.2242113,0.15935896,1037,0.17496291,0.12786572,660,0.12010288,0.05328823,219,0.10391405,0.04885842,166,
8908_0,0.48223385,0.56775683,4515,5,-1,0.44775936,0.5067118,4126,2_0000ef318b2bea6e4311,0.6042969,0.59354454,5428,0.50437933,0.54116666,4552,0.11581091,0.17922968,1206,0.10342346,0.18532884,1035,
8929_0,0.26176545,0.26587126,1871,5,0,0.19296163,0.19987008,1283,1_00006af112204c5cdb10,0.25025928,0.24653381,1515,0.19568269,0.20099,1180,0.08163162,0.089743674,901,0.07043643,0.07749911,757,
8938_0,0.15905875,0.26360306,2066,5,-1,0.10083354,0.20202892,1526,2_0000e2630f7ea48127d9,0.15017155,0.29526043,2311,0.08524001,0.20501035,1441,0.046547353,0.112956114,539,0.03364005,0.101878665,433,
8977_0,0.41864496,0.41023698,4027,5,-1,0.36236998,0.34826875,3485,2_00007bbeafb1489e4d45,0.53972,0.4712674,4521,0.41778347,0.38608375,3702,0.112463266,0.13097933,764,0.10936129,0.12679853,662,
9051_0,0.3039023,0.31006742,1525,5,6,0.23565629,0.2311607,970,1_00000e0643e441a6d028,0.29951978,0.27380604,1354,0.23760656,0.23021284,789,0.13726684,0.06535504,269,0.12235523,0.061625224,212,
9132_0,0.30691725,0.3266523,2033,5,1,0.23086989,0.24199425,1284,1_00000e13c64bbd61ca02,0.2480368,0.25558773,1049,0.22477663,0.23435988,1038,0.08525446,0.09013208,260,0.07818608,0.08423409,209,
9136_0,0.2483934,0.25855437,1871,5,0,0.17974508,0.19076131,1283,1_00006af112204c5cdb10,0.23502137,0.22010347,1515,0.18231066,0.18747619,1180,0.095003664,0.08608524,901,0.07898831,0.07033156,757,
9137_0,0.24079515,0.1953133,1507,5,6,0.17899224,0.13481647,942,1_00000e0643e441a6d028,0.22678092,0.15843864,1195,0.17344949,0.12249817,749,0.117563255,0.049345963,238,0.10256798,0.04484626,189,
9140_0,0.5695451,0.43724245,1239,5,0,0.5021635,0.37189603,754,1_00001406e2c0b9274815,0.6768544,0.46609336,1423,0.5562876,0.40489012,582,0.21754387,0.08802349,423,0.1966856,0.08574804,293,
9141_0,0.24611744,0.5582709,3076,5,-1,0.21473925,0.49154982,2781,2_00002b6cd6eabd9e799a,0.35668555,0.5893236,4601,0.23448159,0.5229541,2994,0.111946754,0.27601635,1141,0.085752316,0.2728136,929,
9144_0,0.4097063,0.37173867,1646,5,2,0.32736868,0.2999506,1131,1_000025582eae3c7c1fb2,0.4087019,0.37101358,2094,0.3412722,0.31426293,992,0.17416435,0.08103245,382,0.1552086,0.07570742,299,
9176_0,0.12601918,0.66127396,1927,5,6,0.08303009,0.58919865,1490,1_0000271e2999ef726d68,0.17869945,0.7049109,2555,0.06605025,0.6318526,1407,0.05883972,0.30151957,660,0.03915995,0.312061,520,
9193_0,0.15225862,0.64144295,3615,5,-1,0.11100927,0.57687056,3144,2_0000f6385c405fe3ab4d,0.19416973,0.6995112,4278,0.10135869,0.62144786,3217,0.082884714,0.30312148,1067,0.05784834,0.31074274,966,
9199_0,0.20000601,0.37084597,7395,5,-1,0.12604953,0.30872723,6807,2_00005c27a53c6ff8a5b9,0.113668665,0.47891003,8387,0.10791045,0.34449032,7658,0.0223239,0.11229158,1078,0.020974863,0.09340211,1223,
9220_0,0.2909196,0.27251616,1859,5,0,0.23626527,0.21353321,1301,1_0000438ef047ef07d59e,0.3717738,0.3154468,1674,0.26067704,0.22667372,1213,0.13854054,0.1236402,763,0.11972639,0.10004702,640,
9230_0,0.25279915,0.30723223,3357,5,-1,0.1997039,0.24177957,2879,2_0000d52174b2fc6d61e9,0.28511685,0.30606577,3880,0.21511197,0.2561191,3104,0.12747929,0.12026338,963,0.114162154,0.116221085,922,
9273_0,0.24202165,0.19995151,1561,5,6,0.17868128,0.13827606,983,1_00000e0643e441a6d028,0.227846,0.164466,1164,0.1751965,0.12633462,790,0.11493996,0.04971943,221,0.10065659,0.045395203,174,
9308_0,0.24817747,0.20544294,1445,5,6,0.18509439,0.1441779,879,1_00000e0643e441a6d028,0.23329288,0.17656004,1031,0.18255773,0.13327998,676,0.12388382,0.06085537,234,0.107730895,0.054788284,172,
9361_0,0.24877277,0.21025342,1532,5,6,0.18550421,0.14862618,976,1_00000e0643e441a6d028,0.24145597,0.18854736,1314,0.18363762,0.13901287,791,0.12223861,0.058332197,254,0.10657326,0.052473515,197,
9398_0,0.2450504,0.25974897,2056,5,0,0.17640208,0.18874544,1451,1_00006af112204c5cdb10,0.19731532,0.2209994,1846,0.16715048,0.18172722,1363,0.06235101,0.06921163,855,0.053332657,0.05554849,711,
9411_0,0.14560947,0.31989878,1807,5,-1,0.08611001,0.2508631,1167,2_00004cffdff505f3c537,0.07231124,0.31137228,1334,0.06756406,0.26000643,981,0.01828271,0.11455107,405,0.015405082,0.11297435,289,
9417_0,0.37003887,0.3235221,1540,5,2,0.29090762,0.24858123,980,1_000025582eae3c7c1fb2,0.36264136,0.29612797,1308,0.3035247,0.25154927,799,0.16860348,0.075329535,255,0.14923492,0.070116885,206,
9423_0,0.21835166,0.30091134,2435,5,-1,0.14741942,0.23368035,1794,2_000036f922d6905a4ed3,0.16746101,0.28227237,2159,0.13691403,0.2406914,1701,0.06886831,0.114698604,705,0.05899708,0.108097024,566,
9469_0,0.3040278,0.4247523,6379,5,-1,0.23593432,0.35841691,5831,2_0000a9568d93bd4b0129,0.35992292,0.489126,7140,0.250445,0.39196002,6454,0.10472481,0.17820966,1038,0.0884971,0.17086521,1079,
9544_0,0.25826696,0.26288477,2181,5,0,0.18534268,0.19367313,1602,1_00006af112204c5cdb10,0.22374843,0.22607642,1914,0.18215516,0.18896943,1536,0.0772002,0.07832039,902,0.06787086,0.064209275,763,
9549_0,0.16863704,0.70408225,8635,5,-1,0.12385833,0.6385654,7892,2_00000b41fc994f1539a5,0.20734967,0.7750859,8958,0.120715,0.69089544,8396,0.082884714,0.32067016,2553,0.06264606,0.333611,2619,
9580_0,0.24657744,0.20581535,1426,5,6,0.18192393,0.14331561,845,1_00000e0643e441a6d028,0.21917425,0.16333714,857,0.17642891,0.1314651,625,0.11528685,0.05510333,195,0.1000613,0.050453216,147,
9591_0,0.26299217,0.5263036,2976,5,-1,0.22819492,0.4677994,2614,2_000020324a08238601dd,0.34212697,0.56942487,3922,0.25019825,0.498435,2756,0.11304968,0.27884525,925,0.08867507,0.27437222,779,
9642_0,0.51171815,0.52654797,7106,5,-1,0.47336257,0.47806928,6433,2_0000fc42140f512c5443,0.6217994,0.6451823,7970,0.52880204,0.54857117,7176,0.12729803,0.10007389,903,0.115798,0.08289857,916,
9643_0,0.1662106,0.70512384,8562,5,-1,0.1293178,0.64015895,7862,2_00000b41fc994f1539a5,0.23205516,0.7753879,8802,0.12363775,0.6922718,8348,0.08293986,0.32276845,2573,0.059833605,0.33542547,2637,
9677_0,0.30304775,0.30402353,1957,5,0,0.2448949,0.24952029,1414,1_000050bae147b6149018,0.34448552,0.35165787,1833,0.26495296,0.27079895,1371,0.09896863,0.119683124,957,0.08715148,0.102660194,822,
9680_0,0.26417553,0.2819236,1927,5,0,0.19000734,0.21174133,1318,1_00006af112204c5cdb10,0.2114648,0.2302575,1516,0.18347682,0.20621634,1211,0.061418075,0.0665238,844,0.053099424,0.054876532,711,
9702_0,0.36356238,0.27216172,1249,5,0,0.29292408,0.20183527,752,1_00001406e2c0b9274815,0.4540386,0.2844449,1246,0.31359392,0.2045588,581,0.20653681,0.08969155,388,0.17955235,0.08032826,269,
9718_0,0.33506826,0.5131429,4035,5,-1,0.31786263,0.45419335,3858,2_000045f6d50aecdbf160,0.5140728,0.5593679,6014,0.36981034,0.48602355,4302,0.15711148,0.25709298,1079,0.1266708,0.25109726,986,
9752_0,0.20503557,0.5119549,2916,5,-1,0.13678776,0.4512843,2296,2_00001dca2a881422a113,0.12790619,0.5252767,2778,0.11329836,0.4775,2167,0.06497564,0.16622885,708,0.050309375,0.17168598,604,
9799_0,0.16322805,0.39267564,2051,5,-1,0.09458111,0.30991566,1380,2_000020067735e9ca6727,0.062541455,0.4021101,1598,0.07244267,0.33341634,1210,0.011779635,0.14392316,369,0.010846341,0.15009968,273,
9861_0,0.13781032,0.63021916,3601,5,-1,0.094851434,0.56548977,3115,2_0000f6385c405fe3ab4d,0.20359972,0.684564,4300,0.08415308,0.60836864,3160,0.06953934,0.2969684,1048,0.047260273,0.30242473,936,
9870_0,0.2912306,0.29476544,2029,5,0,0.21900602,0.2268977,1445,1_00006af112204c5cdb10,0.26946214,0.26885775,1785,0.22188257,0.22727102,1373,0.06569402,0.06017753,866,0.059008,0.05151674,730,
9888_0,0.27777135,0.5809515,3211,5,-1,0.2590768,0.51834965,2937,2_0000cc337c6d19e59ee9,0.43344906,0.627291,4773,0.30137393,0.5542426,3180,0.1488947,0.29852435,1335,0.12027383,0.29642838,1084,
9907_0,0.30925983,0.5919019,3154,5,-1,0.29701737,0.5253723,2868,2_00005dba9bf3749b9b3e,0.5622154,0.63485247,4629,0.3493511,0.5638164,3152,0.16758926,0.3232564,1483,0.12865604,0.31213272,1147,
9967_0,0.22969744,0.21072608,1527,5,8,0.16770017,0.14919253,974,1_00003d50999ea5f79022,0.21417868,0.18613127,1308,0.16172352,0.1411517,814,0.10096757,0.06454584,370,0.0876175,0.05610028,271,
9970_0,0.22670318,0.21502244,1560,5,8,0.16669506,0.1533015,1020,1_00003d50999ea5f79022,0.22003832,0.19721635,1571,0.16034746,0.14446935,855,0.09420424,0.05949296,311,0.08212546,0.05345774,236,
